"MSDIAL_LPA","[M-H]-","1","2","3"
"MSDIAL_LPA 2:0;[M-H]-;CC(=O)OCC(O)COP(O)(O)=O;SDYWKFVBWKUUNP-UHFFFAOYNA-N;C5H11O7P","213.01696","152.9958","213.017","78.95906"
"MSDIAL_LPA 3:0;[M-H]-;CCC(=O)OCC(O)COP(O)(O)=O;RHNGIMXEXBBHNG-UHFFFAOYNA-N;C6H13O7P","227.03261","152.9958","227.0326","78.95906"
"MSDIAL_LPA 4:0;[M-H]-;CCCC(=O)OCC(O)COP(O)(O)=O;GLJWIZQGXSXWAV-UHFFFAOYNA-N;C7H15O7P","241.04826","152.9958","241.0483","78.95906"
"MSDIAL_LPA 5:0;[M-H]-;CCCCC(=O)OCC(O)COP(O)(O)=O;VFKHMMDMXJBKRB-UHFFFAOYNA-N;C8H17O7P","255.06391","152.9958","255.0639","78.95906"
"MSDIAL_LPA 6:0;[M-H]-;CCCCCC(=O)OCC(O)COP(O)(O)=O;FIMVTNBZKNVWDN-UHFFFAOYNA-N;C9H19O7P","269.07956","152.9958","269.0796","78.95906"
"MSDIAL_LPA 7:0;[M-H]-;CCCCCCC(=O)OCC(O)COP(O)(O)=O;XRAPZFBKMSVLEI-UHFFFAOYNA-N;C10H21O7P","283.09521","152.9958","283.0952","78.95906"
"MSDIAL_LPA 8:0;[M-H]-;CCCCCCCC(=O)OCC(O)COP(O)(O)=O;VOEQFNGSVZKIOT-UHFFFAOYNA-N;C11H23O7P","297.11086","152.9958","297.1109","78.95906"
"MSDIAL_LPA 9:0;[M-H]-;CCCCCCCCC(=O)OCC(O)COP(O)(O)=O;SUOWLPBFJMPHEA-UHFFFAOYNA-N;C12H25O7P","311.12651","152.9958","311.1265","78.95906"
"MSDIAL_LPA 10:0;[M-H]-;CCCCCCCCCC(=O)OCC(O)COP(O)(O)=O;CMQAWGIRCVKCMC-UHFFFAOYNA-N;C13H27O7P","325.14216","152.9958","325.1422","78.95906"
"MSDIAL_LPA 11:0;[M-H]-;CCCCCCCCCCC(=O)OCC(O)COP(O)(O)=O;GSDCDJXOJVFKEZ-UHFFFAOYNA-N;C14H29O7P","339.15781","152.9958","339.1578","78.95906"
"MSDIAL_LPA 12:0;[M-H]-;CCCCCCCCCCCC(=O)OCC(O)COP(O)(O)=O;STTKJLVEXMKLNA-UHFFFAOYNA-N;C15H31O7P","353.17346","152.9958","353.1735","78.95906"
"MSDIAL_LPA 13:0;[M-H]-;CCCCCCCCCCCCC(=O)OCC(O)COP(O)(O)=O;XUCWFZYFDPBQGZ-UHFFFAOYNA-N;C16H33O7P","367.18911","152.9958","367.1891","78.95906"
"MSDIAL_LPA 13:1;[M-H]-;CCC\C=C/CCCCCCCC(=O)OCC(O)COP(O)(O)=O;PAWWKFNNEAIMDU-PLNGDYQANA-N;C16H31O7P","365.17346","152.9958","365.1735","78.95906"
"MSDIAL_LPA 14:0;[M-H]-;CCCCCCCCCCCCCC(=O)OCC(O)COP(O)(O)=O;FAZBDRGXCKPVJU-UHFFFAOYNA-N;C17H35O7P","381.20476","152.9958","381.2048","78.95906"
"MSDIAL_LPA 14:1;[M-H]-;CCCC\C=C/CCCCCCCC(=O)OCC(O)COP(O)(O)=O;IQSHJASKBUVXAG-WAYWQWQTNA-N;C17H33O7P","379.18911","152.9958","379.1891","78.95906"
"MSDIAL_LPA 15:0;[M-H]-;CCCCCCCCCCCCCCC(=O)OCC(O)COP(O)(O)=O;RZDCKQARKXMIQI-UHFFFAOYNA-N;C18H37O7P","395.22041","152.9958","395.2204","78.95906"
"MSDIAL_LPA 15:1;[M-H]-;CCCCC\C=C/CCCCCCCC(=O)OCC(O)COP(O)(O)=O;WMIBCBLHUXDTKT-SREVYHEPNA-N;C18H35O7P","393.20476","152.9958","393.2048","78.95906"
"MSDIAL_LPA 16:0;[M-H]-;CCCCCCCCCCCCCCCC(=O)OCC(O)COP(O)(O)=O;YNDYKPRNFWPPFU-UHFFFAOYNA-N;C19H39O7P","409.23606","152.9958","409.2361","78.95906"
"MSDIAL_LPA 16:1;[M-H]-;CCCCCC\C=C/CCCCCCCC(=O)OCC(O)COP(O)(O)=O;GLGQZYWTNAOWHT-FPLPWBNLNA-N;C19H37O7P","407.22041","152.9958","407.2204","78.95906"
"MSDIAL_LPA 16:2;[M-H]-;CCC\C=C/C\C=C/CCCCCCCC(=O)OCC(O)COP(O)(O)=O;JJCLMTFDNYVOSZ-UTOQUPLUNA-N;C19H35O7P","405.20476","152.9958","405.2048","78.95906"
"MSDIAL_LPA 16:3;[M-H]-;CC\C=C/C\C=C/C\C=C/CCCCCC(=O)OCC(O)COP(O)(O)=O;FQPCTMPRZAKERM-PDBXOOCHNA-N;C19H33O7P","403.18911","152.9958","403.1891","78.95906"
"MSDIAL_LPA 16:4;[M-H]-;CC\C=C/C\C=C/C\C=C/C\C=C/CCC(=O)OCC(O)COP(O)(O)=O;WGLMMQUSGIGXQE-LTKCOYKYNA-N;C19H31O7P","401.17346","152.9958","401.1735","78.95906"
"MSDIAL_LPA 17:0;[M-H]-;CCCCCCCCCCCCCCCCC(=O)OCC(O)COP(O)(O)=O;AXKVUJMUBAXXKG-UHFFFAOYNA-N;C20H41O7P","423.25171","152.9958","423.2517","78.95906"
"MSDIAL_LPA 17:1;[M-H]-;CCCCCCC\C=C/CCCCCCCC(=O)OCC(O)COP(O)(O)=O;PIVUMJCNAUHUPL-HJWRWDBZNA-N;C20H39O7P","421.23606","152.9958","421.2361","78.95906"
"MSDIAL_LPA 17:2;[M-H]-;CCCC\C=C/C\C=C/CCCCCCCC(=O)OCC(O)COP(O)(O)=O;BZKPZZCBZNVVMB-AFJQJTPPNA-N;C20H37O7P","419.22041","152.9958","419.2204","78.95906"
"MSDIAL_LPA 18:0;[M-H]-;CCCCCCCCCCCCCCCCCC(=O)OCC(O)COP(O)(O)=O;LAYXSTYJRSVXIH-UHFFFAOYNA-N;C21H43O7P","437.26736","152.9958","437.2674","78.95906"
"MSDIAL_LPA 18:1;[M-H]-;CCCCCCCC\C=C/CCCCCCCC(=O)OCC(O)COP(O)(O)=O;WRGQSWVCFNIUNZ-KTKRTIGZNA-N;C21H41O7P","435.25171","152.9958","435.2517","78.95906"
"MSDIAL_LPA 18:2;[M-H]-;CCCCC\C=C/C\C=C/CCCCCCCC(=O)OCC(O)COP(O)(O)=O;ZQTAMPRZFOOEEP-HZJYTTRNNA-N;C21H39O7P","433.23606","152.9958","433.2361","78.95906"
"MSDIAL_LPA 18:3;[M-H]-;CC\C=C/C\C=C/C\C=C/CCCCCCCC(=O)OCC(O)COP(O)(O)=O;DVNZKWQUAXJYGB-PDBXOOCHNA-N;C21H37O7P","431.22041","152.9958","431.2204","78.95906"
"MSDIAL_LPA 18:4;[M-H]-;CC\C=C/C\C=C/C\C=C/C\C=C/CCCCC(=O)OCC(O)COP(O)(O)=O;AHLQLKDUCYXYLC-LTKCOYKYNA-N;C21H35O7P","429.20476","152.9958","429.2048","78.95906"
"MSDIAL_LPA 18:5;[M-H]-;CC\C=C/C\C=C/C\C=C/C\C=C/C\C=C/CC(=O)OCC(O)COP(O)(O)=O;FDBIYGUJINLLRN-JLNKQSITNA-N;C21H33O7P","427.18911","152.9958","427.1891","78.95906"
"MSDIAL_LPA 19:0;[M-H]-;CCCCCCCCCCCCCCCCCCC(=O)OCC(O)COP(O)(O)=O;YAERNOYIELLICR-UHFFFAOYNA-N;C22H45O7P","451.28301","152.9958","451.283","78.95906"
"MSDIAL_LPA 19:1;[M-H]-;CCCCCCCCC\C=C/CCCCCCCC(=O)OCC(O)COP(O)(O)=O;PBTCGPITOGPANY-KHPPLWFENA-N;C22H43O7P","449.26736","152.9958","449.2674","78.95906"
"MSDIAL_LPA 19:2;[M-H]-;CCCCCC\C=C/C\C=C/CCCCCCCC(=O)OCC(O)COP(O)(O)=O;NAHDCEFMLJDIPN-NQLNTKRDNA-N;C22H41O7P","447.25171","152.9958","447.2517","78.95906"
"MSDIAL_LPA 20:0;[M-H]-;CCCCCCCCCCCCCCCCCCCC(=O)OCC(O)COP(O)(O)=O;NWCZIQDBEQKZSD-UHFFFAOYNA-N;C23H47O7P","465.29866","152.9958","465.2986","78.95906"
"MSDIAL_LPA 20:1;[M-H]-;CCCCCCCC\C=C/CCCCCCCCCC(=O)OCC(O)COP(O)(O)=O;OAYFHKCHTMNTLM-KTKRTIGZNA-N;C23H45O7P","463.28301","152.9958","463.283","78.95906"
"MSDIAL_LPA 20:2;[M-H]-;CCCCC\C=C/C\C=C/CCCCCCCCCC(=O)OCC(O)COP(O)(O)=O;PIWSAHYRIXOITD-HZJYTTRNNA-N;C23H43O7P","461.26736","152.9958","461.2674","78.95906"
"MSDIAL_LPA 20:3;[M-H]-;CC\C=C/C\C=C/C\C=C/CCCCCCCCCC(=O)OCC(O)COP(O)(O)=O;DMZXKNSNIJKINA-PDBXOOCHNA-N;C23H41O7P","459.25171","152.9958","459.2517","78.95906"
"MSDIAL_LPA 20:4;[M-H]-;CC\C=C/C\C=C/C\C=C/C\C=C/CCCCCCC(=O)OCC(O)COP(O)(O)=O;QYCYIZLSHFMZKV-LTKCOYKYNA-N;C23H39O7P","457.23606","152.9958","457.2361","78.95906"
"MSDIAL_LPA 20:5;[M-H]-;CC\C=C/C\C=C/C\C=C/C\C=C/C\C=C/CCCC(=O)OCC(O)COP(O)(O)=O;DKFJPTBTSHHMCQ-JLNKQSITNA-N;C23H37O7P","455.22041","152.9958","455.2204","78.95906"
"MSDIAL_LPA 21:0;[M-H]-;CCCCCCCCCCCCCCCCCCCCC(=O)OCC(O)COP(O)(O)=O;SPXKINNONQHLLM-UHFFFAOYNA-N;C24H49O7P","479.31431","152.9958","479.3143","78.95906"
"MSDIAL_LPA 21:1;[M-H]-;CCCCCCCCC\C=C/CCCCCCCCCC(=O)OCC(O)COP(O)(O)=O;FEELSAATTLTEKN-KHPPLWFENA-N;C24H47O7P","477.29866","152.9958","477.2986","78.95906"
"MSDIAL_LPA 21:2;[M-H]-;CCCCCC\C=C/C\C=C/CCCCCCCCCC(=O)OCC(O)COP(O)(O)=O;QEWUSOCXDAZQGJ-NQLNTKRDNA-N;C24H45O7P","475.28301","152.9958","475.283","78.95906"
"MSDIAL_LPA 22:0;[M-H]-;CCCCCCCCCCCCCCCCCCCCCC(=O)OCC(O)COP(O)(O)=O;SQNPGTTUWWZACK-UHFFFAOYNA-N;C25H51O7P","493.32996","152.9958","493.33","78.95906"
"MSDIAL_LPA 22:1;[M-H]-;CCCCCCCC\C=C/CCCCCCCCCCCC(=O)OCC(O)COP(O)(O)=O;UXYLIEZFFBAJAG-KTKRTIGZNA-N;C25H49O7P","491.31431","152.9958","491.3143","78.95906"
"MSDIAL_LPA 22:2;[M-H]-;CCCCC\C=C/C\C=C/CCCCCCCCCCCC(=O)OCC(O)COP(O)(O)=O;GFXKNONHFFXXOL-HZJYTTRNNA-N;C25H47O7P","489.29866","152.9958","489.2986","78.95906"
"MSDIAL_LPA 22:3;[M-H]-;CCCCC\C=C/C\C=C/C\C=C/CCCCCCCCC(=O)OCC(O)COP(O)(O)=O;YJDLHQUZSFUJGW-QNEBEIHSNA-N;C25H45O7P","487.28301","152.9958","487.283","78.95906"
"MSDIAL_LPA 22:4;[M-H]-;CC\C=C/C\C=C/C\C=C/C\C=C/CCCCCCCCC(=O)OCC(O)COP(O)(O)=O;KARLIJKROVESIP-LTKCOYKYNA-N;C25H43O7P","485.26736","152.9958","485.2674","78.95906"
"MSDIAL_LPA 22:5;[M-H]-;CC\C=C/C\C=C/C\C=C/C\C=C/C\C=C/CCCCCC(=O)OCC(O)COP(O)(O)=O;MAVJZWJXRPSWDK-JLNKQSITNA-N;C25H41O7P","483.25171","152.9958","483.2517","78.95906"
"MSDIAL_LPA 22:6;[M-H]-;CC\C=C/C\C=C/C\C=C/C\C=C/C\C=C/C\C=C/CCC(=O)OCC(O)COP(O)(O)=O;UWHSPTWBPTXYMF-KUBAVDMBNA-N;C25H39O7P","481.23606","152.9958","481.2361","78.95906"
"MSDIAL_LPA 23:0;[M-H]-;CCCCCCCCCCCCCCCCCCCCCCC(=O)OCC(O)COP(O)(O)=O;YBSIJNWTTYEIND-UHFFFAOYNA-N;C26H53O7P","507.34561","152.9958","507.3456","78.95906"
"MSDIAL_LPA 24:0;[M-H]-;CCCCCCCCCCCCCCCCCCCCCCCC(=O)OCC(O)COP(O)(O)=O;NNKULLNAFVPJMY-UHFFFAOYNA-N;C27H55O7P","521.36126","152.9958","521.3613","78.95906"
"MSDIAL_LPA 24:1;[M-H]-;CCCCCCCCCC\C=C/CCCCCCCCCCCC(=O)OCC(O)COP(O)(O)=O;DCTUVFOLGGLSRZ-QXMHVHEDNA-N;C27H53O7P","519.34561","152.9958","519.3456","78.95906"
"MSDIAL_LPA 24:2;[M-H]-;CCCCCCC\C=C/C\C=C/CCCCCCCCCCCC(=O)OCC(O)COP(O)(O)=O;MNBYDWLUPIHPTK-MURFETPANA-N;C27H51O7P","517.32996","152.9958","517.33","78.95906"
"MSDIAL_LPA 24:4;[M-H]-;CC\C=C/C\C=C/C\C=C/C\C=C/CCCCCCCCCCC(=O)OCC(O)COP(O)(O)=O;PBDSSLZJFJNZRY-LTKCOYKYNA-N;C27H47O7P","513.29866","152.9958","513.2986","78.95906"
"MSDIAL_LPA 25:0;[M-H]-;CCCCCCCCCCCCCCCCCCCCCCCCC(=O)OCC(O)COP(O)(O)=O;SPJUNGREUMYQBX-UHFFFAOYNA-N;C28H57O7P","535.37691","152.9958","535.3769","78.95906"
"MSDIAL_LPA 26:0;[M-H]-;CCCCCCCCCCCCCCCCCCCCCCCCCC(=O)OCC(O)COP(O)(O)=O;YKXJHSJFWNLVGK-UHFFFAOYNA-N;C29H59O7P","549.39256","152.9958","549.3926","78.95906"
"MSDIAL_LPA 26:1;[M-H]-;CCCCCCCCCC\C=C/CCCCCCCCCCCCCC(=O)OCC(O)COP(O)(O)=O;ACIQXKXWCKSCJU-QXMHVHEDNA-N;C29H57O7P","547.37691","152.9958","547.3769","78.95906"
"MSDIAL_LPA 26:2;[M-H]-;CCCCCCC\C=C/C\C=C/CCCCCCCCCCCCCC(=O)OCC(O)COP(O)(O)=O;GPGLJIIPOOFAHC-MURFETPANA-N;C29H55O7P","545.36126","152.9958","545.3613","78.95906"
"MSDIAL_LPA 26:4;[M-H]-;CC\C=C/C\C=C/C\C=C/C\C=C/CCCCCCCCCCCCC(=O)OCC(O)COP(O)(O)=O;GTDIELVRGXNSCC-LTKCOYKYNA-N;C29H51O7P","541.32996","152.9958","541.33","78.95906"
"MSDIAL_LPA 27:0;[M-H]-;CCCCCCCCCCCCCCCCCCCCCCCCCCC(=O)OCC(O)COP(O)(O)=O;SUZSAYCBKDXNIK-UHFFFAOYNA-N;C30H61O7P","563.40821","152.9958","563.4082","78.95906"
