"MSDIAL_AHexCS","[M+HCOO]-","1","2"
"MSDIAL_ST 27:1;O;Hex;FA 8:0;[M+HCOO]-;CCCCCCCC(=O)OCC1OC(OC2CCC3(C)C4CCC5(C)C(CCC5C4CC=C3C2)C(C)CCCC(C)C)C(O)C(O)C1O;WNDLMUMLRUJRHA-UHFFFAOYNA-N;C41H70O7","719.51036","719.5104","143.1078"
"MSDIAL_ST 27:1;O;Hex;FA 9:0;[M+HCOO]-;CCCCCCCCC(=O)OCC1OC(OC2CCC3(C)C4CCC5(C)C(CCC5C4CC=C3C2)C(C)CCCC(C)C)C(O)C(O)C1O;AOVYSMXSNWSNKP-UHFFFAOYNA-N;C42H72O7","733.52601","733.526","157.1234"
"MSDIAL_ST 27:1;O;Hex;FA 10:0;[M+HCOO]-;CCCCCCCCCC(=O)OCC1OC(OC2CCC3(C)C4CCC5(C)C(CCC5C4CC=C3C2)C(C)CCCC(C)C)C(O)C(O)C1O;FOCCPGVCDPXOQU-UHFFFAOYNA-N;C43H74O7","747.54166","747.5417","171.1391"
"MSDIAL_ST 27:1;O;Hex;FA 11:0;[M+HCOO]-;CCCCCCCCCCC(=O)OCC1OC(OC2CCC3(C)C4CCC5(C)C(CCC5C4CC=C3C2)C(C)CCCC(C)C)C(O)C(O)C1O;OUIGEMNMVCSXPO-UHFFFAOYNA-N;C44H76O7","761.55731","761.5573","185.1547"
"MSDIAL_ST 27:1;O;Hex;FA 12:0;[M+HCOO]-;CCCCCCCCCCCC(=O)OCC1OC(OC2CCC3(C)C4CCC5(C)C(CCC5C4CC=C3C2)C(C)CCCC(C)C)C(O)C(O)C1O;ZYKBJURXSSJNSZ-UHFFFAOYNA-N;C45H78O7","775.57296","775.5729","199.1703"
"MSDIAL_ST 27:1;O;Hex;FA 13:0;[M+HCOO]-;CCCCCCCCCCCCC(=O)OCC1OC(OC2CCC3(C)C4CCC5(C)C(CCC5C4CC=C3C2)C(C)CCCC(C)C)C(O)C(O)C1O;MIUXOXJMDFSZOB-UHFFFAOYNA-N;C46H80O7","789.58861","789.5886","213.186"
"MSDIAL_ST 27:1;O;Hex;FA 13:1;[M+HCOO]-;CCC\C=C/CCCCCCCC(=O)OCC1OC(OC2CCC3(C)C4CCC5(C)C(CCC5C4CC=C3C2)C(C)CCCC(C)C)C(O)C(O)C1O;XBZUJFILPUTOHY-KTKRTIGZNA-N;C46H78O7","787.57296","787.5729","211.1703"
"MSDIAL_ST 27:1;O;Hex;FA 14:0;[M+HCOO]-;CCCCCCCCCCCCCC(=O)OCC1OC(OC2CCC3(C)C4CCC5(C)C(CCC5C4CC=C3C2)C(C)CCCC(C)C)C(O)C(O)C1O;WGLLNBXQHLWMOQ-UHFFFAOYNA-N;C47H82O7","803.60426","803.6042","227.2016"
"MSDIAL_ST 27:1;O;Hex;FA 14:1;[M+HCOO]-;CCCC\C=C/CCCCCCCC(=O)OCC1OC(OC2CCC3(C)C4CCC5(C)C(CCC5C4CC=C3C2)C(C)CCCC(C)C)C(O)C(O)C1O;FYZCZIVRTUBKJF-KHPPLWFENA-N;C47H80O7","801.58861","801.5886","225.186"
"MSDIAL_ST 27:1;O;Hex;FA 15:0;[M+HCOO]-;CCCCCCCCCCCCCCC(=O)OCC1OC(OC2CCC3(C)C4CCC5(C)C(CCC5C4CC=C3C2)C(C)CCCC(C)C)C(O)C(O)C1O;VSENNRVKJUFECJ-UHFFFAOYNA-N;C48H84O7","817.61991","817.6199","241.2173"
"MSDIAL_ST 27:1;O;Hex;FA 15:1;[M+HCOO]-;CCCCC\C=C/CCCCCCCC(=O)OCC1OC(OC2CCC3(C)C4CCC5(C)C(CCC5C4CC=C3C2)C(C)CCCC(C)C)C(O)C(O)C1O;SMVBYBCKLDNGBN-QXMHVHEDNA-N;C48H82O7","815.60426","815.6042","239.2016"
"MSDIAL_ST 27:1;O;Hex;FA 16:0;[M+HCOO]-;CCCCCCCCCCCCCCCC(=O)OCC1OC(OC2CCC3(C)C4CCC5(C)C(CCC5C4CC=C3C2)C(C)CCCC(C)C)C(O)C(O)C1O;YPMUZVRAVKLKGC-UHFFFAOYNA-N;C49H86O7","831.63556","831.6356","255.233"
"MSDIAL_ST 27:1;O;Hex;FA 16:1;[M+HCOO]-;CCCCCC\C=C/CCCCCCCC(=O)OCC1OC(OC2CCC3(C)C4CCC5(C)C(CCC5C4CC=C3C2)C(C)CCCC(C)C)C(O)C(O)C1O;AIJVTKDLCYKOEH-SEYXRHQNNA-N;C49H84O7","829.61991","829.6199","253.2173"
"MSDIAL_ST 27:1;O;Hex;FA 16:2;[M+HCOO]-;CCC\C=C/C\C=C/CCCCCCCC(=O)OCC1OC(OC2CCC3(C)C4CCC5(C)C(CCC5C4CC=C3C2)C(C)CCCC(C)C)C(O)C(O)C1O;NFCCJYQHSNCIKS-UTJQPWESNA-N;C49H82O7","827.60426","827.6042","251.2016"
"MSDIAL_ST 27:1;O;Hex;FA 16:3;[M+HCOO]-;CC\C=C/C\C=C/C\C=C/CCCCCC(=O)OCC1OC(OC2CCC3(C)C4CCC5(C)C(CCC5C4CC=C3C2)C(C)CCCC(C)C)C(O)C(O)C1O;WPNCUXCGKMDNFD-ORZIMQNZNA-N;C49H80O7","825.58861","825.5886","249.186"
"MSDIAL_ST 27:1;O;Hex;FA 16:4;[M+HCOO]-;CC\C=C/C\C=C/C\C=C/C\C=C/CCC(=O)OCC1OC(OC2CCC3(C)C4CCC5(C)C(CCC5C4CC=C3C2)C(C)CCCC(C)C)C(O)C(O)C1O;ASRINOWYLWKLRR-GKFVBPDJNA-N;C49H78O7","823.57296","823.5729","247.1703"
"MSDIAL_ST 27:1;O;Hex;FA 17:0;[M+HCOO]-;CCCCCCCCCCCCCCCCC(=O)OCC1OC(OC2CCC3(C)C4CCC5(C)C(CCC5C4CC=C3C2)C(C)CCCC(C)C)C(O)C(O)C1O;OSBMLBMLHJMDCH-UHFFFAOYNA-N;C50H88O7","845.65121","845.6512","269.2486"
"MSDIAL_ST 27:1;O;Hex;FA 17:1;[M+HCOO]-;CCCCCCC\C=C/CCCCCCCC(=O)OCC1OC(OC2CCC3(C)C4CCC5(C)C(CCC5C4CC=C3C2)C(C)CCCC(C)C)C(O)C(O)C1O;SOYBWAYJZNDIPZ-YPKPFQOONA-N;C50H86O7","843.63556","843.6356","267.2329"
"MSDIAL_ST 27:1;O;Hex;FA 17:2;[M+HCOO]-;CCCC\C=C/C\C=C/CCCCCCCC(=O)OCC1OC(OC2CCC3(C)C4CCC5(C)C(CCC5C4CC=C3C2)C(C)CCCC(C)C)C(O)C(O)C1O;OIRUMYMLBASLSK-XVTLYKPTNA-N;C50H84O7","841.61991","841.6199","265.2173"
"MSDIAL_ST 27:1;O;Hex;FA 18:0;[M+HCOO]-;CCCCCCCCCCCCCCCCCC(=O)OCC1OC(OC2CCC3(C)C4CCC5(C)C(CCC5C4CC=C3C2)C(C)CCCC(C)C)C(O)C(O)C1O;XSCMDIQMJDGQHD-UHFFFAOYNA-N;C51H90O7","859.66686","859.6669","283.2643"
"MSDIAL_ST 27:1;O;Hex;FA 18:1;[M+HCOO]-;CCCCCCCC\C=C/CCCCCCCC(=O)OCC1OC(OC2CCC3(C)C4CCC5(C)C(CCC5C4CC=C3C2)C(C)CCCC(C)C)C(O)C(O)C1O;DDMRUBMQFNAWDK-PFONDFGANA-N;C51H88O7","857.65121","857.6512","281.2486"
"MSDIAL_ST 27:1;O;Hex;FA 18:2;[M+HCOO]-;CCCCC\C=C/C\C=C/CCCCCCCC(=O)OCC1OC(OC2CCC3(C)C4CCC5(C)C(CCC5C4CC=C3C2)C(C)CCCC(C)C)C(O)C(O)C1O;JALRWYVGDVPEFZ-HDXUUTQWNA-N;C51H86O7","855.63556","855.6356","279.2329"
"MSDIAL_ST 27:1;O;Hex;FA 18:3;[M+HCOO]-;CC\C=C/C\C=C/C\C=C/CCCCCCCC(=O)OCC1OC(OC2CCC3(C)C4CCC5(C)C(CCC5C4CC=C3C2)C(C)CCCC(C)C)C(O)C(O)C1O;QCWFLJOTKUMHFD-ORZIMQNZNA-N;C51H84O7","853.61991","853.6199","277.2173"
"MSDIAL_ST 27:1;O;Hex;FA 18:4;[M+HCOO]-;CC\C=C/C\C=C/C\C=C/C\C=C/CCCCC(=O)OCC1OC(OC2CCC3(C)C4CCC5(C)C(CCC5C4CC=C3C2)C(C)CCCC(C)C)C(O)C(O)C1O;OZEVTVUYFZIKTL-GKFVBPDJNA-N;C51H82O7","851.60426","851.6042","275.2017"
"MSDIAL_ST 27:1;O;Hex;FA 18:5;[M+HCOO]-;CC\C=C/C\C=C/C\C=C/C\C=C/C\C=C/CC(=O)OCC1OC(OC2CCC3(C)C4CCC5(C)C(CCC5C4CC=C3C2)C(C)CCCC(C)C)C(O)C(O)C1O;HYDGZJBLSOBPJJ-QXPWYRSVNA-N;C51H80O7","849.58861","849.5886","273.186"
"MSDIAL_ST 27:1;O;Hex;FA 19:0;[M+HCOO]-;CCCCCCCCCCCCCCCCCCC(=O)OCC1OC(OC2CCC3(C)C4CCC5(C)C(CCC5C4CC=C3C2)C(C)CCCC(C)C)C(O)C(O)C1O;KSTGVABPFPUDAH-UHFFFAOYNA-N;C52H92O7","873.68251","873.6825","297.2799"
"MSDIAL_ST 27:1;O;Hex;FA 19:1;[M+HCOO]-;CCCCCCCCC\C=C/CCCCCCCC(=O)OCC1OC(OC2CCC3(C)C4CCC5(C)C(CCC5C4CC=C3C2)C(C)CCCC(C)C)C(O)C(O)C1O;BPTNPUCWEVFTIC-NXVVXOECNA-N;C52H90O7","871.66686","871.6669","295.2643"
"MSDIAL_ST 27:1;O;Hex;FA 19:2;[M+HCOO]-;CCCCCC\C=C/C\C=C/CCCCCCCC(=O)OCC1OC(OC2CCC3(C)C4CCC5(C)C(CCC5C4CC=C3C2)C(C)CCCC(C)C)C(O)C(O)C1O;KMLMGJMWWWLCEZ-QGLGPCELNA-N;C52H88O7","869.65121","869.6512","293.2486"
"MSDIAL_ST 27:1;O;Hex;FA 20:0;[M+HCOO]-;CCCCCCCCCCCCCCCCCCCC(=O)OCC1OC(OC2CCC3(C)C4CCC5(C)C(CCC5C4CC=C3C2)C(C)CCCC(C)C)C(O)C(O)C1O;DLJHRKMHDAMNDM-UHFFFAOYNA-N;C53H94O7","887.69816","887.6982","311.2956"
"MSDIAL_ST 27:1;O;Hex;FA 20:1;[M+HCOO]-;CCCCCCCC\C=C/CCCCCCCCCC(=O)OCC1OC(OC2CCC3(C)C4CCC5(C)C(CCC5C4CC=C3C2)C(C)CCCC(C)C)C(O)C(O)C1O;NSLQLKQKIHUVTB-PFONDFGANA-N;C53H92O7","885.68251","885.6825","309.2799"
"MSDIAL_ST 27:1;O;Hex;FA 20:2;[M+HCOO]-;CCCCC\C=C/C\C=C/CCCCCCCCCC(=O)OCC1OC(OC2CCC3(C)C4CCC5(C)C(CCC5C4CC=C3C2)C(C)CCCC(C)C)C(O)C(O)C1O;VSVYBLHETNPZQP-HDXUUTQWNA-N;C53H90O7","883.66686","883.6669","307.2643"
"MSDIAL_ST 27:1;O;Hex;FA 20:3;[M+HCOO]-;CC\C=C/C\C=C/C\C=C/CCCCCCCCCC(=O)OCC1OC(OC2CCC3(C)C4CCC5(C)C(CCC5C4CC=C3C2)C(C)CCCC(C)C)C(O)C(O)C1O;LXSBBLIERRVBAO-ORZIMQNZNA-N;C53H88O7","881.65121","881.6512","305.2486"
"MSDIAL_ST 27:1;O;Hex;FA 20:4;[M+HCOO]-;CC\C=C/C\C=C/C\C=C/C\C=C/CCCCCCC(=O)OCC1OC(OC2CCC3(C)C4CCC5(C)C(CCC5C4CC=C3C2)C(C)CCCC(C)C)C(O)C(O)C1O;DPIKATAZKQAIKS-GKFVBPDJNA-N;C53H86O7","879.63556","879.6356","303.2329"
"MSDIAL_ST 27:1;O;Hex;FA 20:5;[M+HCOO]-;CC\C=C/C\C=C/C\C=C/C\C=C/C\C=C/CCCC(=O)OCC1OC(OC2CCC3(C)C4CCC5(C)C(CCC5C4CC=C3C2)C(C)CCCC(C)C)C(O)C(O)C1O;RLEIWSSTWBZAMD-QXPWYRSVNA-N;C53H84O7","877.61991","877.6199","301.2173"
"MSDIAL_ST 27:1;O;Hex;FA 21:0;[M+HCOO]-;CCCCCCCCCCCCCCCCCCCCC(=O)OCC1OC(OC2CCC3(C)C4CCC5(C)C(CCC5C4CC=C3C2)C(C)CCCC(C)C)C(O)C(O)C1O;GBIOQPCCDWGXOS-UHFFFAOYNA-N;C54H96O7","901.71381","901.7138","325.3112"
"MSDIAL_ST 27:1;O;Hex;FA 21:1;[M+HCOO]-;CCCCCCCCC\C=C/CCCCCCCCCC(=O)OCC1OC(OC2CCC3(C)C4CCC5(C)C(CCC5C4CC=C3C2)C(C)CCCC(C)C)C(O)C(O)C1O;FBWIEQZPTAVQKR-NXVVXOECNA-N;C54H94O7","899.69816","899.6982","323.2956"
"MSDIAL_ST 27:1;O;Hex;FA 21:2;[M+HCOO]-;CCCCCC\C=C/C\C=C/CCCCCCCCCC(=O)OCC1OC(OC2CCC3(C)C4CCC5(C)C(CCC5C4CC=C3C2)C(C)CCCC(C)C)C(O)C(O)C1O;NPUFXSWIYPQKSN-QGLGPCELNA-N;C54H92O7","897.68251","897.6825","321.2799"
"MSDIAL_ST 27:1;O;Hex;FA 22:0;[M+HCOO]-;CCCCCCCCCCCCCCCCCCCCCC(=O)OCC1OC(OC2CCC3(C)C4CCC5(C)C(CCC5C4CC=C3C2)C(C)CCCC(C)C)C(O)C(O)C1O;NVDTXJPPHULIAQ-UHFFFAOYNA-N;C55H98O7","915.72946","915.7294","339.3268"
"MSDIAL_ST 27:1;O;Hex;FA 22:1;[M+HCOO]-;CCCCCCCC\C=C/CCCCCCCCCCCC(=O)OCC1OC(OC2CCC3(C)C4CCC5(C)C(CCC5C4CC=C3C2)C(C)CCCC(C)C)C(O)C(O)C1O;OWEPGXIQRKLGHT-PFONDFGANA-N;C55H96O7","913.71381","913.7138","337.3112"
"MSDIAL_ST 27:1;O;Hex;FA 22:2;[M+HCOO]-;CCCCC\C=C/C\C=C/CCCCCCCCCCCC(=O)OCC1OC(OC2CCC3(C)C4CCC5(C)C(CCC5C4CC=C3C2)C(C)CCCC(C)C)C(O)C(O)C1O;RUPNKWKJFAUQOI-HDXUUTQWNA-N;C55H94O7","911.69816","911.6982","335.2956"
"MSDIAL_ST 27:1;O;Hex;FA 22:3;[M+HCOO]-;CCCCC\C=C/C\C=C/C\C=C/CCCCCCCCC(=O)OCC1OC(OC2CCC3(C)C4CCC5(C)C(CCC5C4CC=C3C2)C(C)CCCC(C)C)C(O)C(O)C1O;NYGZRACMHCXYBR-IHDWIWDKNA-N;C55H92O7","909.68251","909.6825","333.2799"
"MSDIAL_ST 27:1;O;Hex;FA 22:4;[M+HCOO]-;CC\C=C/C\C=C/C\C=C/C\C=C/CCCCCCCCC(=O)OCC1OC(OC2CCC3(C)C4CCC5(C)C(CCC5C4CC=C3C2)C(C)CCCC(C)C)C(O)C(O)C1O;AAPFMSBXTQUGPV-GKFVBPDJNA-N;C55H90O7","907.66686","907.6669","331.2643"
"MSDIAL_ST 27:1;O;Hex;FA 22:5;[M+HCOO]-;CC\C=C/C\C=C/C\C=C/C\C=C/C\C=C/CCCCCC(=O)OCC1OC(OC2CCC3(C)C4CCC5(C)C(CCC5C4CC=C3C2)C(C)CCCC(C)C)C(O)C(O)C1O;FHEHVMSFIUAEIC-QXPWYRSVNA-N;C55H88O7","905.65121","905.6512","329.2486"
"MSDIAL_ST 27:1;O;Hex;FA 22:6;[M+HCOO]-;CC\C=C/C\C=C/C\C=C/C\C=C/C\C=C/C\C=C/CCC(=O)OCC1OC(OC2CCC3(C)C4CCC5(C)C(CCC5C4CC=C3C2)C(C)CCCC(C)C)C(O)C(O)C1O;DGLMVGIDCZVNCA-MMRRFZAGNA-N;C55H86O7","903.63556","903.6356","327.2329"
"MSDIAL_ST 27:1;O;Hex;FA 23:0;[M+HCOO]-;CCCCCCCCCCCCCCCCCCCCCCC(=O)OCC1OC(OC2CCC3(C)C4CCC5(C)C(CCC5C4CC=C3C2)C(C)CCCC(C)C)C(O)C(O)C1O;IKPXNVPRGZUMSK-UHFFFAOYNA-N;C56H100O7","929.74511","929.7451","353.3425"
"MSDIAL_ST 27:1;O;Hex;FA 24:0;[M+HCOO]-;CCCCCCCCCCCCCCCCCCCCCCCC(=O)OCC1OC(OC2CCC3(C)C4CCC5(C)C(CCC5C4CC=C3C2)C(C)CCCC(C)C)C(O)C(O)C1O;YZAQAAMDLVATNB-UHFFFAOYNA-N;C57H102O7","943.76076","943.7607","367.3582"
"MSDIAL_ST 27:1;O;Hex;FA 24:1;[M+HCOO]-;CCCCCCCCCC\C=C/CCCCCCCCCCCC(=O)OCC1OC(OC2CCC3(C)C4CCC5(C)C(CCC5C4CC=C3C2)C(C)CCCC(C)C)C(O)C(O)C1O;DXMPKCSAAVNDTF-MSUUIHNZNA-N;C57H100O7","941.74511","941.7451","365.3425"
"MSDIAL_ST 27:1;O;Hex;FA 24:2;[M+HCOO]-;CCCCCCC\C=C/C\C=C/CCCCCCCCCCCC(=O)OCC1OC(OC2CCC3(C)C4CCC5(C)C(CCC5C4CC=C3C2)C(C)CCCC(C)C)C(O)C(O)C1O;IFSFJPPKUNXRBP-AUGURXLVNA-N;C57H98O7","939.72946","939.7294","363.3268"
"MSDIAL_ST 27:1;O;Hex;FA 24:3;[M+HCOO]-;CCCCCCC\C=C/C\C=C/C\C=C/CCCCCCCCC(=O)OCC1OC(OC2CCC3(C)C4CCC5(C)C(CCC5C4CC=C3C2)C(C)CCCC(C)C)C(O)C(O)C1O;WDTNALHFIPYRNT-BYBPBHJYNA-N;C57H96O7","937.71381","937.7138","361.3112"
"MSDIAL_ST 27:1;O;Hex;FA 24:4;[M+HCOO]-;CC\C=C/C\C=C/C\C=C/C\C=C/CCCCCCCCCCC(=O)OCC1OC(OC2CCC3(C)C4CCC5(C)C(CCC5C4CC=C3C2)C(C)CCCC(C)C)C(O)C(O)C1O;OYFFVVPRNIRAGM-GKFVBPDJNA-N;C57H94O7","935.69816","935.6982","359.2956"
"MSDIAL_ST 27:1;O;Hex;FA 24:5;[M+HCOO]-;CC\C=C/C\C=C/C\C=C/C\C=C/C\C=C/CCCCCCCC(=O)OCC1OC(OC2CCC3(C)C4CCC5(C)C(CCC5C4CC=C3C2)C(C)CCCC(C)C)C(O)C(O)C1O;GNMDCZAVYSDDHW-QXPWYRSVNA-N;C57H92O7","933.68251","933.6825","357.2799"
"MSDIAL_ST 27:1;O;Hex;FA 24:6;[M+HCOO]-;CC\C=C/C\C=C/C\C=C/C\C=C/C\C=C/C\C=C/CCCCC(=O)OCC1OC(OC2CCC3(C)C4CCC5(C)C(CCC5C4CC=C3C2)C(C)CCCC(C)C)C(O)C(O)C1O;IDWGTJOCGXPOJA-MMRRFZAGNA-N;C57H90O7","931.66686","931.6669","355.2643"
"MSDIAL_ST 27:1;O;Hex;FA 25:0;[M+HCOO]-;CCCCCCCCCCCCCCCCCCCCCCCCC(=O)OCC1OC(OC2CCC3(C)C4CCC5(C)C(CCC5C4CC=C3C2)C(C)CCCC(C)C)C(O)C(O)C1O;MWUPEUCGRLKJPF-UHFFFAOYNA-N;C58H104O7","957.77641","957.7764","381.3738"
"MSDIAL_ST 27:1;O;Hex;FA 26:0;[M+HCOO]-;CCCCCCCCCCCCCCCCCCCCCCCCCC(=O)OCC1OC(OC2CCC3(C)C4CCC5(C)C(CCC5C4CC=C3C2)C(C)CCCC(C)C)C(O)C(O)C1O;SRADDIHJCBFAPM-UHFFFAOYNA-N;C59H106O7","971.79206","971.7921","395.3894"
"MSDIAL_ST 27:1;O;Hex;FA 26:1;[M+HCOO]-;CCCCCCCCCC\C=C/CCCCCCCCCCCCCC(=O)OCC1OC(OC2CCC3(C)C4CCC5(C)C(CCC5C4CC=C3C2)C(C)CCCC(C)C)C(O)C(O)C1O;FVPMFPHQBIVOGF-MSUUIHNZNA-N;C59H104O7","969.77641","969.7764","393.3738"
"MSDIAL_ST 27:1;O;Hex;FA 26:2;[M+HCOO]-;CCCCCCC\C=C/C\C=C/CCCCCCCCCCCCCC(=O)OCC1OC(OC2CCC3(C)C4CCC5(C)C(CCC5C4CC=C3C2)C(C)CCCC(C)C)C(O)C(O)C1O;IVAPNJYLKUUSKT-AUGURXLVNA-N;C59H102O7","967.76076","967.7607","391.3582"
"MSDIAL_ST 27:1;O;Hex;FA 26:3;[M+HCOO]-;CCCCCCC\C=C/C\C=C/C\C=C/CCCCCCCCCCC(=O)OCC1OC(OC2CCC3(C)C4CCC5(C)C(CCC5C4CC=C3C2)C(C)CCCC(C)C)C(O)C(O)C1O;FTKRJUQXFXJAMX-BYBPBHJYNA-N;C59H100O7","965.74511","965.7451","389.3425"
"MSDIAL_ST 27:1;O;Hex;FA 26:4;[M+HCOO]-;CC\C=C/C\C=C/C\C=C/C\C=C/CCCCCCCCCCCCC(=O)OCC1OC(OC2CCC3(C)C4CCC5(C)C(CCC5C4CC=C3C2)C(C)CCCC(C)C)C(O)C(O)C1O;UERHWAYGBPWCGX-GKFVBPDJNA-N;C59H98O7","963.72946","963.7294","387.3268"
"MSDIAL_ST 27:1;O;Hex;FA 26:5;[M+HCOO]-;CC\C=C/C\C=C/C\C=C/C\C=C/C\C=C/CCCCCCCCCC(=O)OCC1OC(OC2CCC3(C)C4CCC5(C)C(CCC5C4CC=C3C2)C(C)CCCC(C)C)C(O)C(O)C1O;BZUQSAUWKBCKMW-QXPWYRSVNA-N;C59H96O7","961.71381","961.7138","385.3112"
"MSDIAL_ST 27:1;O;Hex;FA 26:6;[M+HCOO]-;CC\C=C/C\C=C/C\C=C/C\C=C/C\C=C/C\C=C/CCCCCCC(=O)OCC1OC(OC2CCC3(C)C4CCC5(C)C(CCC5C4CC=C3C2)C(C)CCCC(C)C)C(O)C(O)C1O;NOWJYOIKQBRYCE-MMRRFZAGNA-N;C59H94O7","959.69816","959.6982","383.2956"
"MSDIAL_ST 27:1;O;Hex;FA 26:7;[M+HCOO]-;CC\C=C/C\C=C/C\C=C/C\C=C/C\C=C/C\C=C/C\C=C/CCCC(=O)OCC1OC(OC2CCC3(C)C4CCC5(C)C(CCC5C4CC=C3C2)C(C)CCCC(C)C)C(O)C(O)C1O;PPBNZYDGRTWGFN-IBJYJKJLNA-N;C59H92O7","957.68251","957.6825","381.2799"
