"MSDIAL_DCAE","[M+NH4]+","1","2"
"MSDIAL_ST 24:1;O4/8:0;[M+NH4]+;CCCCCCCC(=O)OC1CCC2(C)C(CCC3C4CCC(C(C)CCC(O)=O)C4(C)C(O)CC23)C1;KBZYVKGUENRKIU-UHFFFAOYNA-N;C32H54O5","536.43095","357.2788","536.431"
"MSDIAL_ST 24:1;O4/9:0;[M+NH4]+;CCCCCCCCC(=O)OC1CCC2(C)C(CCC3C4CCC(C(C)CCC(O)=O)C4(C)C(O)CC23)C1;ONQCWAHIMJBKCO-UHFFFAOYNA-N;C33H56O5","550.44660","357.2788","550.4466"
"MSDIAL_ST 24:1;O4/10:0;[M+NH4]+;CCCCCCCCCC(=O)OC1CCC2(C)C(CCC3C4CCC(C(C)CCC(O)=O)C4(C)C(O)CC23)C1;XGVMEOZAUWUTHW-UHFFFAOYNA-N;C34H58O5","564.46225","357.2788","564.4623"
"MSDIAL_ST 24:1;O4/11:0;[M+NH4]+;CCCCCCCCCCC(=O)OC1CCC2(C)C(CCC3C4CCC(C(C)CCC(O)=O)C4(C)C(O)CC23)C1;NSETUGWFGNCFKH-UHFFFAOYNA-N;C35H60O5","578.47790","357.2788","578.4779"
"MSDIAL_ST 24:1;O4/12:0;[M+NH4]+;CCCCCCCCCCCC(=O)OC1CCC2(C)C(CCC3C4CCC(C(C)CCC(O)=O)C4(C)C(O)CC23)C1;UYEDYUMWUKRZOV-UHFFFAOYNA-N;C36H62O5","592.49355","357.2788","592.4935"
"MSDIAL_ST 24:1;O4/13:0;[M+NH4]+;CCCCCCCCCCCCC(=O)OC1CCC2(C)C(CCC3C4CCC(C(C)CCC(O)=O)C4(C)C(O)CC23)C1;IMZCAVAAKKQLFX-UHFFFAOYNA-N;C37H64O5","606.50920","357.2788","606.5092"
"MSDIAL_ST 24:1;O4/13:1;[M+NH4]+;CCC\C=C/CCCCCCCC(=O)OC1CCC2(C)C(CCC3C4CCC(C(C)CCC(O)=O)C4(C)C(O)CC23)C1;ABTXCLYYNBLOCS-FPLPWBNLNA-N;C37H62O5","604.49355","357.2788","604.4935"
"MSDIAL_ST 24:1;O4/14:0;[M+NH4]+;CCCCCCCCCCCCCC(=O)OC1CCC2(C)C(CCC3C4CCC(C(C)CCC(O)=O)C4(C)C(O)CC23)C1;RSIQIZSOEXHKCV-UHFFFAOYNA-N;C38H66O5","620.52485","357.2788","620.5248"
"MSDIAL_ST 24:1;O4/14:1;[M+NH4]+;CCCC\C=C/CCCCCCCC(=O)OC1CCC2(C)C(CCC3C4CCC(C(C)CCC(O)=O)C4(C)C(O)CC23)C1;UBTYCKOEWDAOCP-HJWRWDBZNA-N;C38H64O5","618.50920","357.2788","618.5092"
"MSDIAL_ST 24:1;O4/15:0;[M+NH4]+;CCCCCCCCCCCCCCC(=O)OC1CCC2(C)C(CCC3C4CCC(C(C)CCC(O)=O)C4(C)C(O)CC23)C1;IMKGQSJIADZQGJ-UHFFFAOYNA-N;C39H68O5","634.54050","357.2788","634.5405"
"MSDIAL_ST 24:1;O4/15:1;[M+NH4]+;CCCCC\C=C/CCCCCCCC(=O)OC1CCC2(C)C(CCC3C4CCC(C(C)CCC(O)=O)C4(C)C(O)CC23)C1;XHVSWPANNSZGGF-KTKRTIGZNA-N;C39H66O5","632.52485","357.2788","632.5248"
"MSDIAL_ST 24:1;O4/16:0;[M+NH4]+;CCCCCCCCCCCCCCCC(=O)OC1CCC2(C)C(CCC3C4CCC(C(C)CCC(O)=O)C4(C)C(O)CC23)C1;ZWHUQXGPAZOUKW-UHFFFAOYNA-N;C40H70O5","648.55615","357.2788","648.5562"
"MSDIAL_ST 24:1;O4/16:1;[M+NH4]+;CCCCCC\C=C/CCCCCCCC(=O)OC1CCC2(C)C(CCC3C4CCC(C(C)CCC(O)=O)C4(C)C(O)CC23)C1;HMLQCTJAPROGBQ-KHPPLWFENA-N;C40H68O5","646.54050","357.2788","646.5405"
"MSDIAL_ST 24:1;O4/16:2;[M+NH4]+;CCC\C=C/C\C=C/CCCCCCCC(=O)OC1CCC2(C)C(CCC3C4CCC(C(C)CCC(O)=O)C4(C)C(O)CC23)C1;QTCCHJFICOZPKI-NQLNTKRDNA-N;C40H66O5","644.52485","357.2788","644.5248"
"MSDIAL_ST 24:1;O4/16:3;[M+NH4]+;CC\C=C/C\C=C/C\C=C/CCCCCC(=O)OC1CCC2(C)C(CCC3C4CCC(C(C)CCC(O)=O)C4(C)C(O)CC23)C1;NZYJWHIXFRHUEZ-QNEBEIHSNA-N;C40H64O5","642.50920","357.2788","642.5092"
"MSDIAL_ST 24:1;O4/16:4;[M+NH4]+;CC\C=C/C\C=C/C\C=C/C\C=C/CCC(=O)OC1CCC2(C)C(CCC3C4CCC(C(C)CCC(O)=O)C4(C)C(O)CC23)C1;ZVFZBDRULJCRSF-DOFZRALJNA-N;C40H62O5","640.49355","357.2788","640.4935"
"MSDIAL_ST 24:1;O4/17:0;[M+NH4]+;CCCCCCCCCCCCCCCCC(=O)OC1CCC2(C)C(CCC3C4CCC(C(C)CCC(O)=O)C4(C)C(O)CC23)C1;WJNYMSUFRNQUQB-UHFFFAOYNA-N;C41H72O5","662.57180","357.2788","662.5718"
"MSDIAL_ST 24:1;O4/17:1;[M+NH4]+;CCCCCCC\C=C/CCCCCCCC(=O)OC1CCC2(C)C(CCC3C4CCC(C(C)CCC(O)=O)C4(C)C(O)CC23)C1;BFTRDKMVYCWZJQ-QXMHVHEDNA-N;C41H70O5","660.55615","357.2788","660.5562"
"MSDIAL_ST 24:1;O4/17:2;[M+NH4]+;CCCC\C=C/C\C=C/CCCCCCCC(=O)OC1CCC2(C)C(CCC3C4CCC(C(C)CCC(O)=O)C4(C)C(O)CC23)C1;QGBCJZWGFDGLAN-MURFETPANA-N;C41H68O5","658.54050","357.2788","658.5405"
"MSDIAL_ST 24:1;O4/18:0;[M+NH4]+;CCCCCCCCCCCCCCCCCC(=O)OC1CCC2(C)C(CCC3C4CCC(C(C)CCC(O)=O)C4(C)C(O)CC23)C1;MEROKSPSRLDEKU-UHFFFAOYNA-N;C42H74O5","676.58745","357.2788","676.5875"
"MSDIAL_ST 24:1;O4/18:1;[M+NH4]+;CCCCCCCC\C=C/CCCCCCCC(=O)OC1CCC2(C)C(CCC3C4CCC(C(C)CCC(O)=O)C4(C)C(O)CC23)C1;SETZXCDZKDISRM-SEYXRHQNNA-N;C42H72O5","674.57180","357.2788","674.5718"
"MSDIAL_ST 24:1;O4/18:2;[M+NH4]+;CCCCC\C=C/C\C=C/CCCCCCCC(=O)OC1CCC2(C)C(CCC3C4CCC(C(C)CCC(O)=O)C4(C)C(O)CC23)C1;PJSJDVFYUAXDHK-UTJQPWESNA-N;C42H70O5","672.55615","357.2788","672.5562"
"MSDIAL_ST 24:1;O4/18:3;[M+NH4]+;CC\C=C/C\C=C/C\C=C/CCCCCCCC(=O)OC1CCC2(C)C(CCC3C4CCC(C(C)CCC(O)=O)C4(C)C(O)CC23)C1;AHXOKELWZLQCQP-QNEBEIHSNA-N;C42H68O5","670.54050","357.2788","670.5405"
"MSDIAL_ST 24:1;O4/18:4;[M+NH4]+;CC\C=C/C\C=C/C\C=C/C\C=C/CCCCC(=O)OC1CCC2(C)C(CCC3C4CCC(C(C)CCC(O)=O)C4(C)C(O)CC23)C1;DGJBMGHMSOOTEQ-DOFZRALJNA-N;C42H66O5","668.52485","357.2788","668.5248"
"MSDIAL_ST 24:1;O4/18:5;[M+NH4]+;CC\C=C/C\C=C/C\C=C/C\C=C/C\C=C/CC(=O)OC1CCC2(C)C(CCC3C4CCC(C(C)CCC(O)=O)C4(C)C(O)CC23)C1;JMTBCIJAQHUSLL-WMPRHZDHNA-N;C42H64O5","666.50920","357.2788","666.5092"
"MSDIAL_ST 24:1;O4/19:0;[M+NH4]+;CCCCCCCCCCCCCCCCCCC(=O)OC1CCC2(C)C(CCC3C4CCC(C(C)CCC(O)=O)C4(C)C(O)CC23)C1;FZIZBMFGPVPEPP-UHFFFAOYNA-N;C43H76O5","690.60310","357.2788","690.6031"
"MSDIAL_ST 24:1;O4/19:1;[M+NH4]+;CCCCCCCCC\C=C/CCCCCCCC(=O)OC1CCC2(C)C(CCC3C4CCC(C(C)CCC(O)=O)C4(C)C(O)CC23)C1;IQXMCKPTJXIOSC-YPKPFQOONA-N;C43H74O5","688.58745","357.2788","688.5875"
"MSDIAL_ST 24:1;O4/19:2;[M+NH4]+;CCCCCC\C=C/C\C=C/CCCCCCCC(=O)OC1CCC2(C)C(CCC3C4CCC(C(C)CCC(O)=O)C4(C)C(O)CC23)C1;WLBPGENTLPVERV-XVTLYKPTNA-N;C43H72O5","686.57180","357.2788","686.5718"
"MSDIAL_ST 24:1;O4/20:0;[M+NH4]+;CCCCCCCCCCCCCCCCCCCC(=O)OC1CCC2(C)C(CCC3C4CCC(C(C)CCC(O)=O)C4(C)C(O)CC23)C1;CYINYKDHDGYRDJ-UHFFFAOYNA-N;C44H78O5","704.61875","357.2788","704.6188"
"MSDIAL_ST 24:1;O4/20:1;[M+NH4]+;CCCCCCCC\C=C/CCCCCCCCCC(=O)OC1CCC2(C)C(CCC3C4CCC(C(C)CCC(O)=O)C4(C)C(O)CC23)C1;QDHPRQAZTJCDCL-SEYXRHQNNA-N;C44H76O5","702.60310","357.2788","702.6031"
"MSDIAL_ST 24:1;O4/20:2;[M+NH4]+;CCCCC\C=C/C\C=C/CCCCCCCCCC(=O)OC1CCC2(C)C(CCC3C4CCC(C(C)CCC(O)=O)C4(C)C(O)CC23)C1;AFOHKMMSVARHQK-UTJQPWESNA-N;C44H74O5","700.58745","357.2788","700.5875"
"MSDIAL_ST 24:1;O4/20:3;[M+NH4]+;CC\C=C/C\C=C/C\C=C/CCCCCCCCCC(=O)OC1CCC2(C)C(CCC3C4CCC(C(C)CCC(O)=O)C4(C)C(O)CC23)C1;VVCIGSMVPOWHFS-QNEBEIHSNA-N;C44H72O5","698.57180","357.2788","698.5718"
"MSDIAL_ST 24:1;O4/20:4;[M+NH4]+;CC\C=C/C\C=C/C\C=C/C\C=C/CCCCCCC(=O)OC1CCC2(C)C(CCC3C4CCC(C(C)CCC(O)=O)C4(C)C(O)CC23)C1;PJYVGOXQDAYISL-DOFZRALJNA-N;C44H70O5","696.55615","357.2788","696.5562"
"MSDIAL_ST 24:1;O4/20:5;[M+NH4]+;CC\C=C/C\C=C/C\C=C/C\C=C/C\C=C/CCCC(=O)OC1CCC2(C)C(CCC3C4CCC(C(C)CCC(O)=O)C4(C)C(O)CC23)C1;QXINSIXXGGCSIQ-WMPRHZDHNA-N;C44H68O5","694.54050","357.2788","694.5405"
"MSDIAL_ST 24:1;O4/21:0;[M+NH4]+;CCCCCCCCCCCCCCCCCCCCC(=O)OC1CCC2(C)C(CCC3C4CCC(C(C)CCC(O)=O)C4(C)C(O)CC23)C1;XIHCEXLMFUBJJA-UHFFFAOYNA-N;C45H80O5","718.63440","357.2788","718.6344"
"MSDIAL_ST 24:1;O4/21:1;[M+NH4]+;CCCCCCCCC\C=C/CCCCCCCCCC(=O)OC1CCC2(C)C(CCC3C4CCC(C(C)CCC(O)=O)C4(C)C(O)CC23)C1;HYHVCCRFCLMRQL-YPKPFQOONA-N;C45H78O5","716.61875","357.2788","716.6188"
"MSDIAL_ST 24:1;O4/21:2;[M+NH4]+;CCCCCC\C=C/C\C=C/CCCCCCCCCC(=O)OC1CCC2(C)C(CCC3C4CCC(C(C)CCC(O)=O)C4(C)C(O)CC23)C1;ONMVJACXIDYLCC-XVTLYKPTNA-N;C45H76O5","714.60310","357.2788","714.6031"
"MSDIAL_ST 24:1;O4/22:0;[M+NH4]+;CCCCCCCCCCCCCCCCCCCCCC(=O)OC1CCC2(C)C(CCC3C4CCC(C(C)CCC(O)=O)C4(C)C(O)CC23)C1;ALZKITUVCAINJY-UHFFFAOYNA-N;C46H82O5","732.65005","357.2788","732.65"
"MSDIAL_ST 24:1;O4/22:1;[M+NH4]+;CCCCCCCC\C=C/CCCCCCCCCCCC(=O)OC1CCC2(C)C(CCC3C4CCC(C(C)CCC(O)=O)C4(C)C(O)CC23)C1;USHTWVSUEQFZHL-SEYXRHQNNA-N;C46H80O5","730.63440","357.2788","730.6344"
"MSDIAL_ST 24:1;O4/22:2;[M+NH4]+;CCCCC\C=C/C\C=C/CCCCCCCCCCCC(=O)OC1CCC2(C)C(CCC3C4CCC(C(C)CCC(O)=O)C4(C)C(O)CC23)C1;MFNMRKDNUUZDND-UTJQPWESNA-N;C46H78O5","728.61875","357.2788","728.6188"
"MSDIAL_ST 24:1;O4/22:3;[M+NH4]+;CCCCC\C=C/C\C=C/C\C=C/CCCCCCCCC(=O)OC1CCC2(C)C(CCC3C4CCC(C(C)CCC(O)=O)C4(C)C(O)CC23)C1;QPDZCJXGNLNNPL-YOILPLPUNA-N;C46H76O5","726.60310","357.2788","726.6031"
"MSDIAL_ST 24:1;O4/22:4;[M+NH4]+;CC\C=C/C\C=C/C\C=C/C\C=C/CCCCCCCCC(=O)OC1CCC2(C)C(CCC3C4CCC(C(C)CCC(O)=O)C4(C)C(O)CC23)C1;OWIUOTHSHCBPSZ-DOFZRALJNA-N;C46H74O5","724.58745","357.2788","724.5875"
"MSDIAL_ST 24:1;O4/22:5;[M+NH4]+;CC\C=C/C\C=C/C\C=C/C\C=C/C\C=C/CCCCCC(=O)OC1CCC2(C)C(CCC3C4CCC(C(C)CCC(O)=O)C4(C)C(O)CC23)C1;IWTHWFAQSBTZPQ-WMPRHZDHNA-N;C46H72O5","722.57180","357.2788","722.5718"
"MSDIAL_ST 24:1;O4/22:6;[M+NH4]+;CC\C=C/C\C=C/C\C=C/C\C=C/C\C=C/C\C=C/CCC(=O)OC1CCC2(C)C(CCC3C4CCC(C(C)CCC(O)=O)C4(C)C(O)CC23)C1;QCSVCJLAZMOWSH-WSDBEMKQNA-N;C46H70O5","720.55615","357.2788","720.5562"
"MSDIAL_ST 24:1;O4/23:0;[M+NH4]+;CCCCCCCCCCCCCCCCCCCCCCC(=O)OC1CCC2(C)C(CCC3C4CCC(C(C)CCC(O)=O)C4(C)C(O)CC23)C1;APRNHEFAWSBBMN-UHFFFAOYNA-N;C47H84O5","746.66570","357.2788","746.6657"
"MSDIAL_ST 24:1;O4/24:0;[M+NH4]+;CCCCCCCCCCCCCCCCCCCCCCCC(=O)OC1CCC2(C)C(CCC3C4CCC(C(C)CCC(O)=O)C4(C)C(O)CC23)C1;NGWQOPBVAPEBNW-UHFFFAOYNA-N;C48H86O5","760.68135","357.2788","760.6813"
"MSDIAL_ST 24:1;O4/24:1;[M+NH4]+;CCCCCCCCCC\C=C/CCCCCCCCCCCC(=O)OC1CCC2(C)C(CCC3C4CCC(C(C)CCC(O)=O)C4(C)C(O)CC23)C1;GPOZKWVXOANLDU-PFONDFGANA-N;C48H84O5","758.66570","357.2788","758.6657"
"MSDIAL_ST 24:1;O4/24:2;[M+NH4]+;CCCCCCC\C=C/C\C=C/CCCCCCCCCCCC(=O)OC1CCC2(C)C(CCC3C4CCC(C(C)CCC(O)=O)C4(C)C(O)CC23)C1;PDJOCLXCMSVXPO-HDXUUTQWNA-N;C48H82O5","756.65005","357.2788","756.65"
"MSDIAL_ST 24:1;O4/24:3;[M+NH4]+;CCCCCCC\C=C/C\C=C/C\C=C/CCCCCCCCC(=O)OC1CCC2(C)C(CCC3C4CCC(C(C)CCC(O)=O)C4(C)C(O)CC23)C1;SKWKXKJTYOFGFQ-IHDWIWDKNA-N;C48H80O5","754.63440","357.2788","754.6344"
"MSDIAL_ST 24:1;O4/24:4;[M+NH4]+;CC\C=C/C\C=C/C\C=C/C\C=C/CCCCCCCCCCC(=O)OC1CCC2(C)C(CCC3C4CCC(C(C)CCC(O)=O)C4(C)C(O)CC23)C1;PUZCYYRMEGCBHN-DOFZRALJNA-N;C48H78O5","752.61875","357.2788","752.6188"
"MSDIAL_ST 24:1;O4/24:5;[M+NH4]+;CC\C=C/C\C=C/C\C=C/C\C=C/C\C=C/CCCCCCCC(=O)OC1CCC2(C)C(CCC3C4CCC(C(C)CCC(O)=O)C4(C)C(O)CC23)C1;WZDAATBZXYFXCY-WMPRHZDHNA-N;C48H76O5","750.60310","357.2788","750.6031"
"MSDIAL_ST 24:1;O4/24:6;[M+NH4]+;CC\C=C/C\C=C/C\C=C/C\C=C/C\C=C/C\C=C/CCCCC(=O)OC1CCC2(C)C(CCC3C4CCC(C(C)CCC(O)=O)C4(C)C(O)CC23)C1;FMPJGQQWGLHJPH-WSDBEMKQNA-N;C48H74O5","748.58745","357.2788","748.5875"
"MSDIAL_ST 24:1;O4/25:0;[M+NH4]+;CCCCCCCCCCCCCCCCCCCCCCCCC(=O)OC1CCC2(C)C(CCC3C4CCC(C(C)CCC(O)=O)C4(C)C(O)CC23)C1;IKEKXMHQFJSGDN-UHFFFAOYNA-N;C49H88O5","774.69700","357.2788","774.697"
"MSDIAL_ST 24:1;O4/26:0;[M+NH4]+;CCCCCCCCCCCCCCCCCCCCCCCCCC(=O)OC1CCC2(C)C(CCC3C4CCC(C(C)CCC(O)=O)C4(C)C(O)CC23)C1;JDHPKSGGENKZFL-UHFFFAOYNA-N;C50H90O5","788.71265","357.2788","788.7126"
"MSDIAL_ST 24:1;O4/26:1;[M+NH4]+;CCCCCCCCCC\C=C/CCCCCCCCCCCCCC(=O)OC1CCC2(C)C(CCC3C4CCC(C(C)CCC(O)=O)C4(C)C(O)CC23)C1;COHZBIAWZIGOHI-PFONDFGANA-N;C50H88O5","786.69700","357.2788","786.697"
"MSDIAL_ST 24:1;O4/26:2;[M+NH4]+;CCCCCCC\C=C/C\C=C/CCCCCCCCCCCCCC(=O)OC1CCC2(C)C(CCC3C4CCC(C(C)CCC(O)=O)C4(C)C(O)CC23)C1;KINUSHDLULHWGU-HDXUUTQWNA-N;C50H86O5","784.68135","357.2788","784.6813"
"MSDIAL_ST 24:1;O4/26:3;[M+NH4]+;CCCCCCC\C=C/C\C=C/C\C=C/CCCCCCCCCCC(=O)OC1CCC2(C)C(CCC3C4CCC(C(C)CCC(O)=O)C4(C)C(O)CC23)C1;RRSUYRBIPWKYGV-IHDWIWDKNA-N;C50H84O5","782.66570","357.2788","782.6657"
"MSDIAL_ST 24:1;O4/26:4;[M+NH4]+;CC\C=C/C\C=C/C\C=C/C\C=C/CCCCCCCCCCCCC(=O)OC1CCC2(C)C(CCC3C4CCC(C(C)CCC(O)=O)C4(C)C(O)CC23)C1;IVICIPCYQPNJTA-DOFZRALJNA-N;C50H82O5","780.65005","357.2788","780.65"
"MSDIAL_ST 24:1;O4/26:5;[M+NH4]+;CC\C=C/C\C=C/C\C=C/C\C=C/C\C=C/CCCCCCCCCC(=O)OC1CCC2(C)C(CCC3C4CCC(C(C)CCC(O)=O)C4(C)C(O)CC23)C1;NAOIOHNRTIHLIA-WMPRHZDHNA-N;C50H80O5","778.63440","357.2788","778.6344"
"MSDIAL_ST 24:1;O4/26:6;[M+NH4]+;CC\C=C/C\C=C/C\C=C/C\C=C/C\C=C/C\C=C/CCCCCCC(=O)OC1CCC2(C)C(CCC3C4CCC(C(C)CCC(O)=O)C4(C)C(O)CC23)C1;FXYQHWWDEFRMRD-WSDBEMKQNA-N;C50H78O5","776.61875","357.2788","776.6188"
"MSDIAL_ST 24:1;O4/26:7;[M+NH4]+;CC\C=C/C\C=C/C\C=C/C\C=C/C\C=C/C\C=C/C\C=C/CCCC(=O)OC1CCC2(C)C(CCC3C4CCC(C(C)CCC(O)=O)C4(C)C(O)CC23)C1;GBPAWRNAAJYWBQ-QAYSHOGENA-N;C50H76O5","774.60310","357.2788","774.6031"
