"MSDIAL_AHexCAS","[M+HCOO]-","1","2"
"MSDIAL_ST 28:1;O;Hex;FA 8:0;[M+HCOO]-;CCCCCCCC(=O)OCC1OC(OC2CCC3(C)C4CCC5(C)C(CCC5C4CC=C3C2)C(C)CCC(C)C(C)C)C(O)C(O)C1O;RJDZNLHHRVGSMN-UHFFFAOYNA-N;C42H72O7","733.52601","733.526","143.1078"
"MSDIAL_ST 28:1;O;Hex;FA 9:0;[M+HCOO]-;CCCCCCCCC(=O)OCC1OC(OC2CCC3(C)C4CCC5(C)C(CCC5C4CC=C3C2)C(C)CCC(C)C(C)C)C(O)C(O)C1O;HLYQMWQMNDAYOS-UHFFFAOYNA-N;C43H74O7","747.54166","747.5417","157.1234"
"MSDIAL_ST 28:1;O;Hex;FA 10:0;[M+HCOO]-;CCCCCCCCCC(=O)OCC1OC(OC2CCC3(C)C4CCC5(C)C(CCC5C4CC=C3C2)C(C)CCC(C)C(C)C)C(O)C(O)C1O;JDSCHBYBNHFVHR-UHFFFAOYNA-N;C44H76O7","761.55731","761.5573","171.1391"
"MSDIAL_ST 28:1;O;Hex;FA 11:0;[M+HCOO]-;CCCCCCCCCCC(=O)OCC1OC(OC2CCC3(C)C4CCC5(C)C(CCC5C4CC=C3C2)C(C)CCC(C)C(C)C)C(O)C(O)C1O;WDWLOCOPVBLQPK-UHFFFAOYNA-N;C45H78O7","775.57296","775.5729","185.1547"
"MSDIAL_ST 28:1;O;Hex;FA 12:0;[M+HCOO]-;CCCCCCCCCCCC(=O)OCC1OC(OC2CCC3(C)C4CCC5(C)C(CCC5C4CC=C3C2)C(C)CCC(C)C(C)C)C(O)C(O)C1O;VMPAIJKJDVBJEN-UHFFFAOYNA-N;C46H80O7","789.58861","789.5886","199.1703"
"MSDIAL_ST 28:1;O;Hex;FA 13:0;[M+HCOO]-;CCCCCCCCCCCCC(=O)OCC1OC(OC2CCC3(C)C4CCC5(C)C(CCC5C4CC=C3C2)C(C)CCC(C)C(C)C)C(O)C(O)C1O;UNNIXESFBHIPKV-UHFFFAOYNA-N;C47H82O7","803.60426","803.6042","213.186"
"MSDIAL_ST 28:1;O;Hex;FA 13:1;[M+HCOO]-;CCC\C=C/CCCCCCCC(=O)OCC1OC(OC2CCC3(C)C4CCC5(C)C(CCC5C4CC=C3C2)C(C)CCC(C)C(C)C)C(O)C(O)C1O;HQOADUXCRAPOFG-KHPPLWFENA-N;C47H80O7","801.58861","801.5886","211.1703"
"MSDIAL_ST 28:1;O;Hex;FA 14:0;[M+HCOO]-;CCCCCCCCCCCCCC(=O)OCC1OC(OC2CCC3(C)C4CCC5(C)C(CCC5C4CC=C3C2)C(C)CCC(C)C(C)C)C(O)C(O)C1O;OIPSQHHPJNXDDF-UHFFFAOYNA-N;C48H84O7","817.61991","817.6199","227.2016"
"MSDIAL_ST 28:1;O;Hex;FA 14:1;[M+HCOO]-;CCCC\C=C/CCCCCCCC(=O)OCC1OC(OC2CCC3(C)C4CCC5(C)C(CCC5C4CC=C3C2)C(C)CCC(C)C(C)C)C(O)C(O)C1O;NVHFHBJOCJNYMQ-QXMHVHEDNA-N;C48H82O7","815.60426","815.6042","225.186"
"MSDIAL_ST 28:1;O;Hex;FA 15:0;[M+HCOO]-;CCCCCCCCCCCCCCC(=O)OCC1OC(OC2CCC3(C)C4CCC5(C)C(CCC5C4CC=C3C2)C(C)CCC(C)C(C)C)C(O)C(O)C1O;CZESAJFGKHPUHJ-UHFFFAOYNA-N;C49H86O7","831.63556","831.6356","241.2173"
"MSDIAL_ST 28:1;O;Hex;FA 15:1;[M+HCOO]-;CCCCC\C=C/CCCCCCCC(=O)OCC1OC(OC2CCC3(C)C4CCC5(C)C(CCC5C4CC=C3C2)C(C)CCC(C)C(C)C)C(O)C(O)C1O;NFSXIBWLICNDOJ-SEYXRHQNNA-N;C49H84O7","829.61991","829.6199","239.2016"
"MSDIAL_ST 28:1;O;Hex;FA 16:0;[M+HCOO]-;CCCCCCCCCCCCCCCC(=O)OCC1OC(OC2CCC3(C)C4CCC5(C)C(CCC5C4CC=C3C2)C(C)CCC(C)C(C)C)C(O)C(O)C1O;DAPLORBFRRJHHY-UHFFFAOYNA-N;C50H88O7","845.65121","845.6512","255.233"
"MSDIAL_ST 28:1;O;Hex;FA 16:1;[M+HCOO]-;CCCCCC\C=C/CCCCCCCC(=O)OCC1OC(OC2CCC3(C)C4CCC5(C)C(CCC5C4CC=C3C2)C(C)CCC(C)C(C)C)C(O)C(O)C1O;PNSXOPRYGMGHLO-YPKPFQOONA-N;C50H86O7","843.63556","843.6356","253.2173"
"MSDIAL_ST 28:1;O;Hex;FA 16:2;[M+HCOO]-;CCC\C=C/C\C=C/CCCCCCCC(=O)OCC1OC(OC2CCC3(C)C4CCC5(C)C(CCC5C4CC=C3C2)C(C)CCC(C)C(C)C)C(O)C(O)C1O;VKJYFCVOTCLUFI-XVTLYKPTNA-N;C50H84O7","841.61991","841.6199","251.2016"
"MSDIAL_ST 28:1;O;Hex;FA 16:3;[M+HCOO]-;CC\C=C/C\C=C/C\C=C/CCCCCC(=O)OCC1OC(OC2CCC3(C)C4CCC5(C)C(CCC5C4CC=C3C2)C(C)CCC(C)C(C)C)C(O)C(O)C1O;LJWBMSGFTLIWON-YOILPLPUNA-N;C50H82O7","839.60426","839.6042","249.186"
"MSDIAL_ST 28:1;O;Hex;FA 16:4;[M+HCOO]-;CC\C=C/C\C=C/C\C=C/C\C=C/CCC(=O)OCC1OC(OC2CCC3(C)C4CCC5(C)C(CCC5C4CC=C3C2)C(C)CCC(C)C(C)C)C(O)C(O)C1O;WSDKKWXIJNOGBR-SNPVRQPZNA-N;C50H80O7","837.58861","837.5886","247.1703"
"MSDIAL_ST 28:1;O;Hex;FA 17:0;[M+HCOO]-;CCCCCCCCCCCCCCCCC(=O)OCC1OC(OC2CCC3(C)C4CCC5(C)C(CCC5C4CC=C3C2)C(C)CCC(C)C(C)C)C(O)C(O)C1O;XESKBMXUTHZHAG-UHFFFAOYNA-N;C51H90O7","859.66686","859.6669","269.2486"
"MSDIAL_ST 28:1;O;Hex;FA 17:1;[M+HCOO]-;CCCCCCC\C=C/CCCCCCCC(=O)OCC1OC(OC2CCC3(C)C4CCC5(C)C(CCC5C4CC=C3C2)C(C)CCC(C)C(C)C)C(O)C(O)C1O;SHTCPFMUSBPBEK-PFONDFGANA-N;C51H88O7","857.65121","857.6512","267.2329"
"MSDIAL_ST 28:1;O;Hex;FA 17:2;[M+HCOO]-;CCCC\C=C/C\C=C/CCCCCCCC(=O)OCC1OC(OC2CCC3(C)C4CCC5(C)C(CCC5C4CC=C3C2)C(C)CCC(C)C(C)C)C(O)C(O)C1O;FBKRIOPOEKUVDD-HDXUUTQWNA-N;C51H86O7","855.63556","855.6356","265.2173"
"MSDIAL_ST 28:1;O;Hex;FA 18:0;[M+HCOO]-;CCCCCCCCCCCCCCCCCC(=O)OCC1OC(OC2CCC3(C)C4CCC5(C)C(CCC5C4CC=C3C2)C(C)CCC(C)C(C)C)C(O)C(O)C1O;WWNJROHENDXUQT-UHFFFAOYNA-N;C52H92O7","873.68251","873.6825","283.2643"
"MSDIAL_ST 28:1;O;Hex;FA 18:1;[M+HCOO]-;CCCCCCCC\C=C/CCCCCCCC(=O)OCC1OC(OC2CCC3(C)C4CCC5(C)C(CCC5C4CC=C3C2)C(C)CCC(C)C(C)C)C(O)C(O)C1O;SZVZHAIFWPRDNE-NXVVXOECNA-N;C52H90O7","871.66686","871.6669","281.2486"
"MSDIAL_ST 28:1;O;Hex;FA 18:2;[M+HCOO]-;CCCCC\C=C/C\C=C/CCCCCCCC(=O)OCC1OC(OC2CCC3(C)C4CCC5(C)C(CCC5C4CC=C3C2)C(C)CCC(C)C(C)C)C(O)C(O)C1O;GQUUYRBGRSKWNI-QGLGPCELNA-N;C52H88O7","869.65121","869.6512","279.2329"
"MSDIAL_ST 28:1;O;Hex;FA 18:3;[M+HCOO]-;CC\C=C/C\C=C/C\C=C/CCCCCCCC(=O)OCC1OC(OC2CCC3(C)C4CCC5(C)C(CCC5C4CC=C3C2)C(C)CCC(C)C(C)C)C(O)C(O)C1O;XQIWGLUAOQSUGC-YOILPLPUNA-N;C52H86O7","867.63556","867.6356","277.2173"
"MSDIAL_ST 28:1;O;Hex;FA 18:4;[M+HCOO]-;CC\C=C/C\C=C/C\C=C/C\C=C/CCCCC(=O)OCC1OC(OC2CCC3(C)C4CCC5(C)C(CCC5C4CC=C3C2)C(C)CCC(C)C(C)C)C(O)C(O)C1O;FWYJHGRZJJYFJH-SNPVRQPZNA-N;C52H84O7","865.61991","865.6199","275.2017"
"MSDIAL_ST 28:1;O;Hex;FA 18:5;[M+HCOO]-;CC\C=C/C\C=C/C\C=C/C\C=C/C\C=C/CC(=O)OCC1OC(OC2CCC3(C)C4CCC5(C)C(CCC5C4CC=C3C2)C(C)CCC(C)C(C)C)C(O)C(O)C1O;YJLONIJBESRCMV-QXPCSDSJNA-N;C52H82O7","863.60426","863.6042","273.186"
"MSDIAL_ST 28:1;O;Hex;FA 19:0;[M+HCOO]-;CCCCCCCCCCCCCCCCCCC(=O)OCC1OC(OC2CCC3(C)C4CCC5(C)C(CCC5C4CC=C3C2)C(C)CCC(C)C(C)C)C(O)C(O)C1O;TYXIHPHOSFVQEJ-UHFFFAOYNA-N;C53H94O7","887.69816","887.6982","297.2799"
"MSDIAL_ST 28:1;O;Hex;FA 19:1;[M+HCOO]-;CCCCCCCCC\C=C/CCCCCCCC(=O)OCC1OC(OC2CCC3(C)C4CCC5(C)C(CCC5C4CC=C3C2)C(C)CCC(C)C(C)C)C(O)C(O)C1O;SZGMYMAKPFDLAJ-MSUUIHNZNA-N;C53H92O7","885.68251","885.6825","295.2643"
"MSDIAL_ST 28:1;O;Hex;FA 19:2;[M+HCOO]-;CCCCCC\C=C/C\C=C/CCCCCCCC(=O)OCC1OC(OC2CCC3(C)C4CCC5(C)C(CCC5C4CC=C3C2)C(C)CCC(C)C(C)C)C(O)C(O)C1O;SPKNOJXERVTGPI-AUGURXLVNA-N;C53H90O7","883.66686","883.6669","293.2486"
"MSDIAL_ST 28:1;O;Hex;FA 20:0;[M+HCOO]-;CCCCCCCCCCCCCCCCCCCC(=O)OCC1OC(OC2CCC3(C)C4CCC5(C)C(CCC5C4CC=C3C2)C(C)CCC(C)C(C)C)C(O)C(O)C1O;NTUPBFGCNNOWJA-UHFFFAOYNA-N;C54H96O7","901.71381","901.7138","311.2956"
"MSDIAL_ST 28:1;O;Hex;FA 20:1;[M+HCOO]-;CCCCCCCC\C=C/CCCCCCCCCC(=O)OCC1OC(OC2CCC3(C)C4CCC5(C)C(CCC5C4CC=C3C2)C(C)CCC(C)C(C)C)C(O)C(O)C1O;VJAYBQRRBUWOGN-NXVVXOECNA-N;C54H94O7","899.69816","899.6982","309.2799"
"MSDIAL_ST 28:1;O;Hex;FA 20:2;[M+HCOO]-;CCCCC\C=C/C\C=C/CCCCCCCCCC(=O)OCC1OC(OC2CCC3(C)C4CCC5(C)C(CCC5C4CC=C3C2)C(C)CCC(C)C(C)C)C(O)C(O)C1O;UKMUCNIPVABWKQ-QGLGPCELNA-N;C54H92O7","897.68251","897.6825","307.2643"
"MSDIAL_ST 28:1;O;Hex;FA 20:3;[M+HCOO]-;CC\C=C/C\C=C/C\C=C/CCCCCCCCCC(=O)OCC1OC(OC2CCC3(C)C4CCC5(C)C(CCC5C4CC=C3C2)C(C)CCC(C)C(C)C)C(O)C(O)C1O;AGUZCNSIFQQZGQ-YOILPLPUNA-N;C54H90O7","895.66686","895.6669","305.2486"
"MSDIAL_ST 28:1;O;Hex;FA 20:4;[M+HCOO]-;CC\C=C/C\C=C/C\C=C/C\C=C/CCCCCCC(=O)OCC1OC(OC2CCC3(C)C4CCC5(C)C(CCC5C4CC=C3C2)C(C)CCC(C)C(C)C)C(O)C(O)C1O;SYWCTQBBJMDRJE-SNPVRQPZNA-N;C54H88O7","893.65121","893.6512","303.2329"
"MSDIAL_ST 28:1;O;Hex;FA 20:5;[M+HCOO]-;CC\C=C/C\C=C/C\C=C/C\C=C/C\C=C/CCCC(=O)OCC1OC(OC2CCC3(C)C4CCC5(C)C(CCC5C4CC=C3C2)C(C)CCC(C)C(C)C)C(O)C(O)C1O;ZXHTXZBMHYXSCN-QXPCSDSJNA-N;C54H86O7","891.63556","891.6356","301.2173"
"MSDIAL_ST 28:1;O;Hex;FA 21:0;[M+HCOO]-;CCCCCCCCCCCCCCCCCCCCC(=O)OCC1OC(OC2CCC3(C)C4CCC5(C)C(CCC5C4CC=C3C2)C(C)CCC(C)C(C)C)C(O)C(O)C1O;IRDJWBNBJLFBFN-UHFFFAOYNA-N;C55H98O7","915.72946","915.7294","325.3112"
"MSDIAL_ST 28:1;O;Hex;FA 21:1;[M+HCOO]-;CCCCCCCCC\C=C/CCCCCCCCCC(=O)OCC1OC(OC2CCC3(C)C4CCC5(C)C(CCC5C4CC=C3C2)C(C)CCC(C)C(C)C)C(O)C(O)C1O;AHMUFSDJNIXUNB-MSUUIHNZNA-N;C55H96O7","913.71381","913.7138","323.2956"
"MSDIAL_ST 28:1;O;Hex;FA 21:2;[M+HCOO]-;CCCCCC\C=C/C\C=C/CCCCCCCCCC(=O)OCC1OC(OC2CCC3(C)C4CCC5(C)C(CCC5C4CC=C3C2)C(C)CCC(C)C(C)C)C(O)C(O)C1O;FWOSVPGWZYSBII-AUGURXLVNA-N;C55H94O7","911.69816","911.6982","321.2799"
"MSDIAL_ST 28:1;O;Hex;FA 22:0;[M+HCOO]-;CCCCCCCCCCCCCCCCCCCCCC(=O)OCC1OC(OC2CCC3(C)C4CCC5(C)C(CCC5C4CC=C3C2)C(C)CCC(C)C(C)C)C(O)C(O)C1O;KOBWFLUVTBBBHL-UHFFFAOYNA-N;C56H100O7","929.74511","929.7451","339.3268"
"MSDIAL_ST 28:1;O;Hex;FA 22:1;[M+HCOO]-;CCCCCCCC\C=C/CCCCCCCCCCCC(=O)OCC1OC(OC2CCC3(C)C4CCC5(C)C(CCC5C4CC=C3C2)C(C)CCC(C)C(C)C)C(O)C(O)C1O;OGZFQOZTSDMUAG-NXVVXOECNA-N;C56H98O7","927.72946","927.7294","337.3112"
"MSDIAL_ST 28:1;O;Hex;FA 22:2;[M+HCOO]-;CCCCC\C=C/C\C=C/CCCCCCCCCCCC(=O)OCC1OC(OC2CCC3(C)C4CCC5(C)C(CCC5C4CC=C3C2)C(C)CCC(C)C(C)C)C(O)C(O)C1O;JOCXFCFNMTYICH-QGLGPCELNA-N;C56H96O7","925.71381","925.7138","335.2956"
"MSDIAL_ST 28:1;O;Hex;FA 22:3;[M+HCOO]-;CCCCC\C=C/C\C=C/C\C=C/CCCCCCCCC(=O)OCC1OC(OC2CCC3(C)C4CCC5(C)C(CCC5C4CC=C3C2)C(C)CCC(C)C(C)C)C(O)C(O)C1O;UYRMJMMLJXXSNS-LJURNQLPNA-N;C56H94O7","923.69816","923.6982","333.2799"
"MSDIAL_ST 28:1;O;Hex;FA 22:4;[M+HCOO]-;CC\C=C/C\C=C/C\C=C/C\C=C/CCCCCCCCC(=O)OCC1OC(OC2CCC3(C)C4CCC5(C)C(CCC5C4CC=C3C2)C(C)CCC(C)C(C)C)C(O)C(O)C1O;FSOHONJBXFDMBM-SNPVRQPZNA-N;C56H92O7","921.68251","921.6825","331.2643"
"MSDIAL_ST 28:1;O;Hex;FA 22:5;[M+HCOO]-;CC\C=C/C\C=C/C\C=C/C\C=C/C\C=C/CCCCCC(=O)OCC1OC(OC2CCC3(C)C4CCC5(C)C(CCC5C4CC=C3C2)C(C)CCC(C)C(C)C)C(O)C(O)C1O;DTIJEFFQWDDORG-QXPCSDSJNA-N;C56H90O7","919.66686","919.6669","329.2486"
"MSDIAL_ST 28:1;O;Hex;FA 22:6;[M+HCOO]-;CC\C=C/C\C=C/C\C=C/C\C=C/C\C=C/C\C=C/CCC(=O)OCC1OC(OC2CCC3(C)C4CCC5(C)C(CCC5C4CC=C3C2)C(C)CCC(C)C(C)C)C(O)C(O)C1O;MXOBWZBKVVVABM-SDEDJGNENA-N;C56H88O7","917.65121","917.6512","327.2329"
"MSDIAL_ST 28:1;O;Hex;FA 23:0;[M+HCOO]-;CCCCCCCCCCCCCCCCCCCCCCC(=O)OCC1OC(OC2CCC3(C)C4CCC5(C)C(CCC5C4CC=C3C2)C(C)CCC(C)C(C)C)C(O)C(O)C1O;JVJGUIDLNAQZIE-UHFFFAOYNA-N;C57H102O7","943.76076","943.7607","353.3425"
"MSDIAL_ST 28:1;O;Hex;FA 24:0;[M+HCOO]-;CCCCCCCCCCCCCCCCCCCCCCCC(=O)OCC1OC(OC2CCC3(C)C4CCC5(C)C(CCC5C4CC=C3C2)C(C)CCC(C)C(C)C)C(O)C(O)C1O;HOQJJWMSRCJXRE-UHFFFAOYNA-N;C58H104O7","957.77641","957.7764","367.3582"
"MSDIAL_ST 28:1;O;Hex;FA 24:1;[M+HCOO]-;CCCCCCCCCC\C=C/CCCCCCCCCCCC(=O)OCC1OC(OC2CCC3(C)C4CCC5(C)C(CCC5C4CC=C3C2)C(C)CCC(C)C(C)C)C(O)C(O)C1O;SVJVZKYCNNVTLA-ZCXUNETKNA-N;C58H102O7","955.76076","955.7607","365.3425"
"MSDIAL_ST 28:1;O;Hex;FA 24:2;[M+HCOO]-;CCCCCCC\C=C/C\C=C/CCCCCCCCCCCC(=O)OCC1OC(OC2CCC3(C)C4CCC5(C)C(CCC5C4CC=C3C2)C(C)CCC(C)C(C)C)C(O)C(O)C1O;GIKRENAWQXYKSE-NFYLBXPENA-N;C58H100O7","953.74511","953.7451","363.3268"
"MSDIAL_ST 28:1;O;Hex;FA 24:3;[M+HCOO]-;CCCCCCC\C=C/C\C=C/C\C=C/CCCCCCCCC(=O)OCC1OC(OC2CCC3(C)C4CCC5(C)C(CCC5C4CC=C3C2)C(C)CCC(C)C(C)C)C(O)C(O)C1O;XMJBKLUBJWNLSW-SKFHMOIXNA-N;C58H98O7","951.72946","951.7294","361.3112"
"MSDIAL_ST 28:1;O;Hex;FA 24:4;[M+HCOO]-;CC\C=C/C\C=C/C\C=C/C\C=C/CCCCCCCCCCC(=O)OCC1OC(OC2CCC3(C)C4CCC5(C)C(CCC5C4CC=C3C2)C(C)CCC(C)C(C)C)C(O)C(O)C1O;PHPMVIQAZSCVQE-SNPVRQPZNA-N;C58H96O7","949.71381","949.7138","359.2956"
"MSDIAL_ST 28:1;O;Hex;FA 24:5;[M+HCOO]-;CC\C=C/C\C=C/C\C=C/C\C=C/C\C=C/CCCCCCCC(=O)OCC1OC(OC2CCC3(C)C4CCC5(C)C(CCC5C4CC=C3C2)C(C)CCC(C)C(C)C)C(O)C(O)C1O;BXXIZGIIRYRXFJ-QXPCSDSJNA-N;C58H94O7","947.69816","947.6982","357.2799"
"MSDIAL_ST 28:1;O;Hex;FA 24:6;[M+HCOO]-;CC\C=C/C\C=C/C\C=C/C\C=C/C\C=C/C\C=C/CCCCC(=O)OCC1OC(OC2CCC3(C)C4CCC5(C)C(CCC5C4CC=C3C2)C(C)CCC(C)C(C)C)C(O)C(O)C1O;NSUQLFQJNRIRAC-SDEDJGNENA-N;C58H92O7","945.68251","945.6825","355.2643"
"MSDIAL_ST 28:1;O;Hex;FA 25:0;[M+HCOO]-;CCCCCCCCCCCCCCCCCCCCCCCCC(=O)OCC1OC(OC2CCC3(C)C4CCC5(C)C(CCC5C4CC=C3C2)C(C)CCC(C)C(C)C)C(O)C(O)C1O;WNMUWPPURQUCBS-UHFFFAOYNA-N;C59H106O7","971.79206","971.7921","381.3738"
"MSDIAL_ST 28:1;O;Hex;FA 26:0;[M+HCOO]-;CCCCCCCCCCCCCCCCCCCCCCCCCC(=O)OCC1OC(OC2CCC3(C)C4CCC5(C)C(CCC5C4CC=C3C2)C(C)CCC(C)C(C)C)C(O)C(O)C1O;XKRFLJSDASULHG-UHFFFAOYNA-N;C60H108O7","985.80771","985.8077","395.3894"
"MSDIAL_ST 28:1;O;Hex;FA 26:1;[M+HCOO]-;CCCCCCCCCC\C=C/CCCCCCCCCCCCCC(=O)OCC1OC(OC2CCC3(C)C4CCC5(C)C(CCC5C4CC=C3C2)C(C)CCC(C)C(C)C)C(O)C(O)C1O;KCRMSASTYWQYLJ-ZCXUNETKNA-N;C60H106O7","983.79206","983.7921","393.3738"
"MSDIAL_ST 28:1;O;Hex;FA 26:2;[M+HCOO]-;CCCCCCC\C=C/C\C=C/CCCCCCCCCCCCCC(=O)OCC1OC(OC2CCC3(C)C4CCC5(C)C(CCC5C4CC=C3C2)C(C)CCC(C)C(C)C)C(O)C(O)C1O;AWHXQEQPWYLSNX-NFYLBXPENA-N;C60H104O7","981.77641","981.7764","391.3582"
"MSDIAL_ST 28:1;O;Hex;FA 26:3;[M+HCOO]-;CCCCCCC\C=C/C\C=C/C\C=C/CCCCCCCCCCC(=O)OCC1OC(OC2CCC3(C)C4CCC5(C)C(CCC5C4CC=C3C2)C(C)CCC(C)C(C)C)C(O)C(O)C1O;FQSPSENIHRDZTN-SKFHMOIXNA-N;C60H102O7","979.76076","979.7607","389.3425"
"MSDIAL_ST 28:1;O;Hex;FA 26:4;[M+HCOO]-;CC\C=C/C\C=C/C\C=C/C\C=C/CCCCCCCCCCCCC(=O)OCC1OC(OC2CCC3(C)C4CCC5(C)C(CCC5C4CC=C3C2)C(C)CCC(C)C(C)C)C(O)C(O)C1O;IGPPBDPZDVKABJ-SNPVRQPZNA-N;C60H100O7","977.74511","977.7451","387.3268"
"MSDIAL_ST 28:1;O;Hex;FA 26:5;[M+HCOO]-;CC\C=C/C\C=C/C\C=C/C\C=C/C\C=C/CCCCCCCCCC(=O)OCC1OC(OC2CCC3(C)C4CCC5(C)C(CCC5C4CC=C3C2)C(C)CCC(C)C(C)C)C(O)C(O)C1O;KNATYLOKZACXQN-QXPCSDSJNA-N;C60H98O7","975.72946","975.7294","385.3112"
"MSDIAL_ST 28:1;O;Hex;FA 26:6;[M+HCOO]-;CC\C=C/C\C=C/C\C=C/C\C=C/C\C=C/C\C=C/CCCCCCC(=O)OCC1OC(OC2CCC3(C)C4CCC5(C)C(CCC5C4CC=C3C2)C(C)CCC(C)C(C)C)C(O)C(O)C1O;ZCCBHKQPFLAUHM-SDEDJGNENA-N;C60H96O7","973.71381","973.7138","383.2956"
"MSDIAL_ST 28:1;O;Hex;FA 26:7;[M+HCOO]-;CC\C=C/C\C=C/C\C=C/C\C=C/C\C=C/C\C=C/C\C=C/CCCC(=O)OCC1OC(OC2CCC3(C)C4CCC5(C)C(CCC5C4CC=C3C2)C(C)CCC(C)C(C)C)C(O)C(O)C1O;YKYXPABHDPRZOG-JVDBEDLKNA-N;C60H94O7","971.69816","971.6982","381.2799"
