"MSDIAL_VAE","[M+H]+","1","2","3","4","5","6","7"
"MSDIAL_VAE 10:0;[M+H]+;CCCCCCCCCC(=O)OCC=C(C)C=CC=C(C)C=CC1=C(C)CCCC1(C)C;FAPCXJRRCFTZLR-UHFFFAOYSA-N;C30H48O2","441.37271","169.1012","269.2264","184.1246","199.1481","119.0855","239.1794","79.05423"
"MSDIAL_VAE 11:0;[M+H]+;CCCCCCCCCCC(=O)OCC=C(C)C=CC=C(C)C=CC1=C(C)CCCC1(C)C;ZACPQYFSBRKTIZ-UHFFFAOYSA-N;C31H50O2","455.38836","169.1012","269.2264","184.1246","199.1481","119.0855","239.1794","79.05423"
"MSDIAL_VAE 12:0;[M+H]+;CCCCCCCCCCCC(=O)OCC=C(C)C=CC=C(C)C=CC1=C(C)CCCC1(C)C;ZGISOPBIAXHOTQ-UHFFFAOYSA-N;C32H52O2","469.40401","169.1012","269.2264","184.1246","199.1481","119.0855","239.1794","79.05423"
"MSDIAL_VAE 13:0;[M+H]+;CCCCCCCCCCCCC(=O)OCC=C(C)C=CC=C(C)C=CC1=C(C)CCCC1(C)C;ISXVHSCFFVPREE-UHFFFAOYSA-N;C33H54O2","483.41966","169.1012","269.2264","184.1246","199.1481","119.0855","239.1794","79.05423"
"MSDIAL_VAE 13:1;[M+H]+;CCC\C=C/CCCCCCCC(=O)OCC=C(C)C=CC=C(C)C=CC1=C(C)CCCC1(C)C;DJZSSIHJPBIIRL-XYZILXLKSA-N;C33H52O2","481.40401","169.1012","269.2264","184.1246","199.1481","119.0855","239.1794","79.05423"
"MSDIAL_VAE 14:0;[M+H]+;CCCCCCCCCCCCCC(=O)OCC=C(C)C=CC=C(C)C=CC1=C(C)CCCC1(C)C;WIYYXLSPNGTKOH-UHFFFAOYSA-N;C34H56O2","497.43531","169.1012","269.2264","184.1246","199.1481","119.0855","239.1794","79.05423"
"MSDIAL_VAE 14:1;[M+H]+;CCCC\C=C/CCCCCCCC(=O)OCC=C(C)C=CC=C(C)C=CC1=C(C)CCCC1(C)C;HNULUYWOKUTGBG-GTUOVTTHSA-N;C34H54O2","495.41966","169.1012","269.2264","184.1246","199.1481","119.0855","239.1794","79.05423"
"MSDIAL_VAE 15:0;[M+H]+;CCCCCCCCCCCCCCC(=O)OCC=C(C)C=CC=C(C)C=CC1=C(C)CCCC1(C)C;NNTWTWZUXVFRBJ-UHFFFAOYSA-N;C35H58O2","511.45096","169.1012","269.2264","184.1246","199.1481","119.0855","239.1794","79.05423"
"MSDIAL_VAE 15:1;[M+H]+;CCCCC\C=C/CCCCCCCC(=O)OCC=C(C)C=CC=C(C)C=CC1=C(C)CCCC1(C)C;ICVQDRJGYZPNCI-VYJBHTHCSA-N;C35H56O2","509.43531","169.1012","269.2264","184.1246","199.1481","119.0855","239.1794","79.05423"
"MSDIAL_VAE 16:0;[M+H]+;CCCCCCCCCCCCCCCC(=O)OCC=C(C)C=CC=C(C)C=CC1=C(C)CCCC1(C)C;VYGQUTWHTHXGQB-UHFFFAOYSA-N;C36H60O2","525.46661","169.1012","269.2264","184.1246","199.1481","119.0855","239.1794","79.05423"
"MSDIAL_VAE 16:1;[M+H]+;CCCCCC\C=C/CCCCCCCC(=O)OCC=C(C)C=CC=C(C)C=CC1=C(C)CCCC1(C)C;JUONHTPVXHYHOH-KOOMGUPZSA-N;C36H58O2","523.45096","169.1012","269.2264","184.1246","199.1481","119.0855","239.1794","79.05423"
"MSDIAL_VAE 16:2;[M+H]+;CCC\C=C/C\C=C/CCCCCCCC(=O)OCC=C(C)C=CC=C(C)C=CC1=C(C)CCCC1(C)C;SJXIMNDOHOJRHV-DCWMGSADSA-N;C36H56O2","521.43531","169.1012","269.2264","184.1246","199.1481","119.0855","239.1794","79.05423"
"MSDIAL_VAE 16:3;[M+H]+;CC\C=C/C\C=C/C\C=C/CCCCCC(=O)OCC=C(C)C=CC=C(C)C=CC1=C(C)CCCC1(C)C;MODQSDOLMHQUIP-JLSCMBHVSA-N;C36H54O2","519.41966","169.1012","269.2264","184.1246","199.1481","119.0855","239.1794","79.05423"
"MSDIAL_VAE 16:4;[M+H]+;CC\C=C/C\C=C/C\C=C/C\C=C/CCC(=O)OCC=C(C)C=CC=C(C)C=CC1=C(C)CCCC1(C)C;LEBOGBURPQPVPD-UTANWISYSA-N;C36H52O2","517.40401","169.1012","269.2264","184.1246","199.1481","119.0855","239.1794","79.05423"
"MSDIAL_VAE 17:0;[M+H]+;CCCCCCCCCCCCCCCCC(=O)OCC=C(C)C=CC=C(C)C=CC1=C(C)CCCC1(C)C;YCYPLHHZESSMQT-UHFFFAOYSA-N;C37H62O2","539.48226","169.1012","269.2264","184.1246","199.1481","119.0855","239.1794","79.05423"
"MSDIAL_VAE 17:1;[M+H]+;CCCCCCC\C=C/CCCCCCCC(=O)OCC=C(C)C=CC=C(C)C=CC1=C(C)CCCC1(C)C;LASQSDWYVYHPOQ-MDFBBFBBSA-N;C37H60O2","537.46661","169.1012","269.2264","184.1246","199.1481","119.0855","239.1794","79.05423"
"MSDIAL_VAE 17:2;[M+H]+;CCCC\C=C/C\C=C/CCCCCCCC(=O)OCC=C(C)C=CC=C(C)C=CC1=C(C)CCCC1(C)C;SQPFKJKBKQKANS-VBGXAMNBSA-N;C37H58O2","535.45096","169.1012","269.2264","184.1246","199.1481","119.0855","239.1794","79.05423"
"MSDIAL_VAE 18:0;[M+H]+;CCCCCCCCCCCCCCCCCC(=O)OCC=C(C)C=CC=C(C)C=CC1=C(C)CCCC1(C)C;YNGACJMSLZMZOX-UHFFFAOYSA-N;C38H64O2","553.49791","169.1012","269.2264","184.1246","199.1481","119.0855","239.1794","79.05423"
"MSDIAL_VAE 18:1;[M+H]+;CCCCCCCC\C=C/CCCCCCCC(=O)OCC=C(C)C=CC=C(C)C=CC1=C(C)CCCC1(C)C;FXKDHZXYYBPLHI-HZSWULCZSA-N;C38H62O2","551.48226","169.1012","269.2264","184.1246","199.1481","119.0855","239.1794","79.05423"
"MSDIAL_VAE 18:2;[M+H]+;CCCCC\C=C/C\C=C/CCCCCCCC(=O)OCC=C(C)C=CC=C(C)C=CC1=C(C)CCCC1(C)C;XJKITIOIYQCXQR-XFPRQVPDSA-N;C38H60O2","549.46661","169.1012","269.2264","184.1246","199.1481","119.0855","239.1794","79.05423"
"MSDIAL_VAE 18:3;[M+H]+;CC\C=C/C\C=C/C\C=C/CCCCCCCC(=O)OCC=C(C)C=CC=C(C)C=CC1=C(C)CCCC1(C)C;WGYRYGOQDJJQIQ-NFUUMXNPSA-N;C38H58O2","547.45096","169.1012","269.2264","184.1246","199.1481","119.0855","239.1794","79.05423"
"MSDIAL_VAE 18:4;[M+H]+;CC\C=C/C\C=C/C\C=C/C\C=C/CCCCC(=O)OCC=C(C)C=CC=C(C)C=CC1=C(C)CCCC1(C)C;ZDQNXCULXYRJKW-XDEISJIGSA-N;C38H56O2","545.43531","169.1012","269.2264","184.1246","199.1481","119.0855","239.1794","79.05423"
"MSDIAL_VAE 18:5;[M+H]+;CC\C=C/C\C=C/C\C=C/C\C=C/C\C=C/CC(=O)OCC=C(C)C=CC=C(C)C=CC1=C(C)CCCC1(C)C;FWNLBMWBNIHUHW-UIJKMPSRSA-N;C38H54O2","543.41966","169.1012","269.2264","184.1246","199.1481","119.0855","239.1794","79.05423"
"MSDIAL_VAE 19:0;[M+H]+;CCCCCCCCCCCCCCCCCCC(=O)OCC=C(C)C=CC=C(C)C=CC1=C(C)CCCC1(C)C;BFFGIQGFULTKPE-UHFFFAOYSA-N;C39H66O2","567.51356","169.1012","269.2264","184.1246","199.1481","119.0855","239.1794","79.05423"
"MSDIAL_VAE 19:1;[M+H]+;CCCCCCCCC\C=C/CCCCCCCC(=O)OCC=C(C)C=CC=C(C)C=CC1=C(C)CCCC1(C)C;HPIDDVCMPJDELO-MUPGORTKSA-N;C39H64O2","565.49791","169.1012","269.2264","184.1246","199.1481","119.0855","239.1794","79.05423"
"MSDIAL_VAE 19:2;[M+H]+;CCCCCC\C=C/C\C=C/CCCCCCCC(=O)OCC=C(C)C=CC=C(C)C=CC1=C(C)CCCC1(C)C;CYZIVBLWNMJHRQ-QEHDXLSJSA-N;C39H62O2","563.48226","169.1012","269.2264","184.1246","199.1481","119.0855","239.1794","79.05423"
"MSDIAL_VAE 20:0;[M+H]+;CCCCCCCCCCCCCCCCCCCC(=O)OCC=C(C)C=CC=C(C)C=CC1=C(C)CCCC1(C)C;MXZGYWDRXBJIOD-UHFFFAOYSA-N;C40H68O2","581.52921","169.1012","269.2264","184.1246","199.1481","119.0855","239.1794","79.05423"
"MSDIAL_VAE 20:1;[M+H]+;CCCCCCCC\C=C/CCCCCCCCCC(=O)OCC=C(C)C=CC=C(C)C=CC1=C(C)CCCC1(C)C;FTAXVTJGEAEGIR-GVYOMKPVSA-N;C40H66O2","579.51356","169.1012","269.2264","184.1246","199.1481","119.0855","239.1794","79.05423"
"MSDIAL_VAE 20:2;[M+H]+;CCCCC\C=C/C\C=C/CCCCCCCCCC(=O)OCC=C(C)C=CC=C(C)C=CC1=C(C)CCCC1(C)C;VRYJHVSOGGIMDC-HALDOPSVSA-N;C40H64O2","577.49791","169.1012","269.2264","184.1246","199.1481","119.0855","239.1794","79.05423"
"MSDIAL_VAE 20:3;[M+H]+;CC\C=C/C\C=C/C\C=C/CCCCCCCCCC(=O)OCC=C(C)C=CC=C(C)C=CC1=C(C)CCCC1(C)C;GMOURXHRXSBJJZ-WFCZDSCXSA-N;C40H62O2","575.48226","169.1012","269.2264","184.1246","199.1481","119.0855","239.1794","79.05423"
"MSDIAL_VAE 20:4;[M+H]+;CC\C=C/C\C=C/C\C=C/C\C=C/CCCCCCC(=O)OCC=C(C)C=CC=C(C)C=CC1=C(C)CCCC1(C)C;VTAUTVHFIRMOOI-SSVNRGMESA-N;C40H60O2","573.46661","169.1012","269.2264","184.1246","199.1481","119.0855","239.1794","79.05423"
"MSDIAL_VAE 20:5;[M+H]+;CC\C=C/C\C=C/C\C=C/C\C=C/C\C=C/CCCC(=O)OCC=C(C)C=CC=C(C)C=CC1=C(C)CCCC1(C)C;PUUXKXDDTPRKIT-SKAJCOENSA-N;C40H58O2","571.45096","169.1012","269.2264","184.1246","199.1481","119.0855","239.1794","79.05423"
"MSDIAL_VAE 21:0;[M+H]+;CCCCCCCCCCCCCCCCCCCCC(=O)OCC=C(C)C=CC=C(C)C=CC1=C(C)CCCC1(C)C;ANKAJSHLVWFYHS-UHFFFAOYSA-N;C41H70O2","595.54486","169.1012","269.2264","184.1246","199.1481","119.0855","239.1794","79.05423"
"MSDIAL_VAE 21:1;[M+H]+;CCCCCCCCC\C=C/CCCCCCCCCC(=O)OCC=C(C)C=CC=C(C)C=CC1=C(C)CCCC1(C)C;YCUPUHJICYMKJA-BFSPXQSISA-N;C41H68O2","593.52921","169.1012","269.2264","184.1246","199.1481","119.0855","239.1794","79.05423"
"MSDIAL_VAE 21:2;[M+H]+;CCCCCC\C=C/C\C=C/CCCCCCCCCC(=O)OCC=C(C)C=CC=C(C)C=CC1=C(C)CCCC1(C)C;KLJNOYTVNRYRSM-IUGZKCHTSA-N;C41H66O2","591.51356","169.1012","269.2264","184.1246","199.1481","119.0855","239.1794","79.05423"
"MSDIAL_VAE 22:0;[M+H]+;CCCCCCCCCCCCCCCCCCCCCC(=O)OCC=C(C)C=CC=C(C)C=CC1=C(C)CCCC1(C)C;YYLPDZSLHKPIGI-UHFFFAOYSA-N;C42H72O2","609.56051","169.1012","269.2264","184.1246","199.1481","119.0855","239.1794","79.05423"
"MSDIAL_VAE 22:1;[M+H]+;CCCCCCCC\C=C/CCCCCCCCCCCC(=O)OCC=C(C)C=CC=C(C)C=CC1=C(C)CCCC1(C)C;RPLHZLNOBHZPPA-RQAVIZOQSA-N;C42H70O2","607.54486","169.1012","269.2264","184.1246","199.1481","119.0855","239.1794","79.05423"
"MSDIAL_VAE 22:2;[M+H]+;CCCCC\C=C/C\C=C/CCCCCCCCCCCC(=O)OCC=C(C)C=CC=C(C)C=CC1=C(C)CCCC1(C)C;LWYVOBOSMSMRRX-FCTLBIBSSA-N;C42H68O2","605.52921","169.1012","269.2264","184.1246","199.1481","119.0855","239.1794","79.05423"
"MSDIAL_VAE 22:3;[M+H]+;CCCCC\C=C/C\C=C/C\C=C/CCCCCCCCC(=O)OCC=C(C)C=CC=C(C)C=CC1=C(C)CCCC1(C)C;AODRNVHJRCCLKZ-IMFKDLMMSA-N;C42H66O2","603.51356","169.1012","269.2264","184.1246","199.1481","119.0855","239.1794","79.05423"
"MSDIAL_VAE 22:4;[M+H]+;CC\C=C/C\C=C/C\C=C/C\C=C/CCCCCCCCC(=O)OCC=C(C)C=CC=C(C)C=CC1=C(C)CCCC1(C)C;ZCQBDUKOPHSUID-MWMJHQPVSA-N;C42H64O2","601.49791","169.1012","269.2264","184.1246","199.1481","119.0855","239.1794","79.05423"
"MSDIAL_VAE 22:5;[M+H]+;CC\C=C/C\C=C/C\C=C/C\C=C/C\C=C/CCCCCC(=O)OCC=C(C)C=CC=C(C)C=CC1=C(C)CCCC1(C)C;IYNVWBLSWWSBQT-DKAVMWQVSA-N;C42H62O2","599.48226","169.1012","269.2264","184.1246","199.1481","119.0855","239.1794","79.05423"
"MSDIAL_VAE 22:6;[M+H]+;CC\C=C/C\C=C/C\C=C/C\C=C/C\C=C/C\C=C/CCC(=O)OCC=C(C)C=CC=C(C)C=CC1=C(C)CCCC1(C)C;LYPGQGQXRNHYFT-SAEBFTLYSA-N;C42H60O2","597.46661","169.1012","269.2264","184.1246","199.1481","119.0855","239.1794","79.05423"
"MSDIAL_VAE 23:0;[M+H]+;CCCCCCCCCCCCCCCCCCCCCCC(=O)OCC=C(C)C=CC=C(C)C=CC1=C(C)CCCC1(C)C;ABIKWACHXVOLTR-UHFFFAOYSA-N;C43H74O2","623.57616","169.1012","269.2264","184.1246","199.1481","119.0855","239.1794","79.05423"
"MSDIAL_VAE 24:0;[M+H]+;CCCCCCCCCCCCCCCCCCCCCCCC(=O)OCC=C(C)C=CC=C(C)C=CC1=C(C)CCCC1(C)C;UXONTMJAODKYSA-UHFFFAOYSA-N;C44H76O2","637.59181","169.1012","269.2264","184.1246","199.1481","119.0855","239.1794","79.05423"
"MSDIAL_VAE 24:1;[M+H]+;CCCCCCCCCC\C=C/CCCCCCCCCCCC(=O)OCC=C(C)C=CC=C(C)C=CC1=C(C)CCCC1(C)C;PJUQIJHWEAVDLJ-SWUQGPQZSA-N;C44H74O2","635.57616","169.1012","269.2264","184.1246","199.1481","119.0855","239.1794","79.05423"
"MSDIAL_VAE 24:2;[M+H]+;CCCCCCC\C=C/C\C=C/CCCCCCCCCCCC(=O)OCC=C(C)C=CC=C(C)C=CC1=C(C)CCCC1(C)C;HPCHMHFYQNVLMD-HZKKCYBLSA-N;C44H72O2","633.56051","169.1012","269.2264","184.1246","199.1481","119.0855","239.1794","79.05423"
"MSDIAL_VAE 24:3;[M+H]+;CCCCCCC\C=C/C\C=C/C\C=C/CCCCCCCCC(=O)OCC=C(C)C=CC=C(C)C=CC1=C(C)CCCC1(C)C;NCIWNQCBBSBDLU-UMZJBNHASA-N;C44H70O2","631.54486","169.1012","269.2264","184.1246","199.1481","119.0855","239.1794","79.05423"
"MSDIAL_VAE 24:4;[M+H]+;CC\C=C/C\C=C/C\C=C/C\C=C/CCCCCCCCCCC(=O)OCC=C(C)C=CC=C(C)C=CC1=C(C)CCCC1(C)C;SWGDFRBYHJGQQC-RLMKYQPWSA-N;C44H68O2","629.52921","169.1012","269.2264","184.1246","199.1481","119.0855","239.1794","79.05423"
"MSDIAL_VAE 24:5;[M+H]+;CC\C=C/C\C=C/C\C=C/C\C=C/C\C=C/CCCCCCCC(=O)OCC=C(C)C=CC=C(C)C=CC1=C(C)CCCC1(C)C;JZYCNJRKADKXDJ-LJFOVUBUSA-N;C44H66O2","627.51356","169.1012","269.2264","184.1246","199.1481","119.0855","239.1794","79.05423"
"MSDIAL_VAE 24:6;[M+H]+;CC\C=C/C\C=C/C\C=C/C\C=C/C\C=C/C\C=C/CCCCC(=O)OCC=C(C)C=CC=C(C)C=CC1=C(C)CCCC1(C)C;GYZTYLHOBJVIMB-SQNNIDAUSA-N;C44H64O2","625.49791","169.1012","269.2264","184.1246","199.1481","119.0855","239.1794","79.05423"
"MSDIAL_VAE 25:0;[M+H]+;CCCCCCCCCCCCCCCCCCCCCCCCC(=O)OCC=C(C)C=CC=C(C)C=CC1=C(C)CCCC1(C)C;HJYFPBYXTPMOIB-UHFFFAOYSA-N;C45H78O2","651.60746","169.1012","269.2264","184.1246","199.1481","119.0855","239.1794","79.05423"
"MSDIAL_VAE 26:0;[M+H]+;CCCCCCCCCCCCCCCCCCCCCCCCCC(=O)OCC=C(C)C=CC=C(C)C=CC1=C(C)CCCC1(C)C;QIAALLKJPMCMKB-UHFFFAOYSA-N;C46H80O2","665.62311","169.1012","269.2264","184.1246","199.1481","119.0855","239.1794","79.05423"
"MSDIAL_VAE 26:1;[M+H]+;CCCCCCCCCC\C=C/CCCCCCCCCCCCCC(=O)OCC=C(C)C=CC=C(C)C=CC1=C(C)CCCC1(C)C;PJOIUMOJVSOJSR-KHGQRSJYSA-N;C46H78O2","663.60746","169.1012","269.2264","184.1246","199.1481","119.0855","239.1794","79.05423"
"MSDIAL_VAE 26:2;[M+H]+;CCCCCCC\C=C/C\C=C/CCCCCCCCCCCCCC(=O)OCC=C(C)C=CC=C(C)C=CC1=C(C)CCCC1(C)C;UWIPHALALHSBCW-XVEYKWANSA-N;C46H76O2","661.59181","169.1012","269.2264","184.1246","199.1481","119.0855","239.1794","79.05423"
"MSDIAL_VAE 26:3;[M+H]+;CCCCCCC\C=C/C\C=C/C\C=C/CCCCCCCCCCC(=O)OCC=C(C)C=CC=C(C)C=CC1=C(C)CCCC1(C)C;MIQVHVKKWSWWIM-BHSPGDKKSA-N;C46H74O2","659.57616","169.1012","269.2264","184.1246","199.1481","119.0855","239.1794","79.05423"
"MSDIAL_VAE 26:4;[M+H]+;CC\C=C/C\C=C/C\C=C/C\C=C/CCCCCCCCCCCCC(=O)OCC=C(C)C=CC=C(C)C=CC1=C(C)CCCC1(C)C;LXPSLSCVALYTIR-LJRSVSHUSA-N;C46H72O2","657.56051","169.1012","269.2264","184.1246","199.1481","119.0855","239.1794","79.05423"
"MSDIAL_VAE 26:5;[M+H]+;CC\C=C/C\C=C/C\C=C/C\C=C/C\C=C/CCCCCCCCCC(=O)OCC=C(C)C=CC=C(C)C=CC1=C(C)CCCC1(C)C;ILLBIRSFZAUDJP-LAKJPSMHSA-N;C46H70O2","655.54486","169.1012","269.2264","184.1246","199.1481","119.0855","239.1794","79.05423"
"MSDIAL_VAE 26:6;[M+H]+;CC\C=C/C\C=C/C\C=C/C\C=C/C\C=C/C\C=C/CCCCCCC(=O)OCC=C(C)C=CC=C(C)C=CC1=C(C)CCCC1(C)C;KILVNFLBBHAUOM-KCUBAMTISA-N;C46H68O2","653.52921","169.1012","269.2264","184.1246","199.1481","119.0855","239.1794","79.05423"
"MSDIAL_VAE 26:7;[M+H]+;CC\C=C/C\C=C/C\C=C/C\C=C/C\C=C/C\C=C/C\C=C/CCCC(=O)OCC=C(C)C=CC=C(C)C=CC1=C(C)CCCC1(C)C;RMTRQTZXUPKEMA-GVPPVUSKSA-N;C46H66O2","651.51356","169.1012","269.2264","184.1246","199.1481","119.0855","239.1794","79.05423"
