"MSDIAL_PS","[M+Na]+","1","2","3","4","5"
"MSDIAL_PS 10:0;[M+Na]+;CCCCCCCC(=O)OC(COC(C)=O)COP(O)(=O)OCC(N)C(O)=O;IULMAZPMWQWWRI-UHFFFAOYNA-N;C16H30NO10P","450.14995","207.9982","450.15","265.141","243.1591","363.1179"
"MSDIAL_PS 11:0;[M+Na]+;CCCCCCCCC(=O)OC(COC(C)=O)COP(O)(=O)OCC(N)C(O)=O;PEMYUECONSXZAT-UHFFFAOYNA-N;C17H32NO10P","464.16560","207.9982","464.1656","279.1567","257.1747","377.1336"
"MSDIAL_PS 12:0;[M+Na]+;CCCCCCCCCC(=O)OC(COC(C)=O)COP(O)(=O)OCC(N)C(O)=O;HAGVHLFIOVOXGY-UHFFFAOYNA-N;C18H34NO10P","478.18125","207.9982","478.1812","293.1723","271.1904","391.1492"
"MSDIAL_PS 13:0;[M+Na]+;CCCCCCCCCCC(=O)OC(COC(C)=O)COP(O)(=O)OCC(N)C(O)=O;WKVOCLPMWTVNLG-UHFFFAOYNA-N;C19H36NO10P","492.19690","207.9982","492.1969","307.188","285.2061","405.1649"
"MSDIAL_PS 14:0;[M+Na]+;CCCCCCCCCCCC(=O)OC(COC(C)=O)COP(O)(=O)OCC(N)C(O)=O;AVLMBPHZWBOMAI-UHFFFAOYNA-N;C20H38NO10P","506.21255","207.9982","506.2126","321.2036","299.2217","419.1805"
"MSDIAL_PS 15:0;[M+Na]+;CCCCCCCCCCCCC(=O)OC(COC(C)=O)COP(O)(=O)OCC(N)C(O)=O;WQSHISKVGFFWBL-UHFFFAOYNA-N;C21H40NO10P","520.22820","207.9982","520.2282","335.2193","313.2373","433.1962"
"MSDIAL_PS 15:1;[M+Na]+;CCC\C=C/CCCCCCCC(=O)OC(COC(C)=O)COP(O)(=O)OCC(N)C(O)=O;ZNMUWBFJNDXGIM-WAYWQWQTNA-N;C21H38NO10P","518.21255","207.9982","518.2125","333.2036","311.2217","431.1805"
"MSDIAL_PS 16:0;[M+Na]+;CCCCCCCCCCCCCC(=O)OC(COC(C)=O)COP(O)(=O)OCC(N)C(O)=O;BXPQVJCBSVYGCG-UHFFFAOYNA-N;C22H42NO10P","534.24385","207.9982","534.2438","349.2349","327.253","447.2118"
"MSDIAL_PS 16:1;[M+Na]+;CCCC\C=C/CCCCCCCC(=O)OC(COC(C)=O)COP(O)(=O)OCC(N)C(O)=O;DKJJBSLZFHNNIB-SREVYHEPNA-N;C22H40NO10P","532.22820","207.9982","532.2282","347.2193","325.2373","445.1962"
"MSDIAL_PS 17:0;[M+Na]+;CCCCCCCCCCCCCCC(=O)OC(COC(C)=O)COP(O)(=O)OCC(N)C(O)=O;MEUYHDDFYYZLGE-UHFFFAOYNA-N;C23H44NO10P","548.25950","207.9982","548.2595","363.2506","341.2686","461.2275"
"MSDIAL_PS 17:1;[M+Na]+;CCCCC\C=C/CCCCCCCC(=O)OC(COC(C)=O)COP(O)(=O)OCC(N)C(O)=O;LALQNXYQLVVZGR-FPLPWBNLNA-N;C23H42NO10P","546.24385","207.9982","546.2438","361.2349","339.253","459.2118"
"MSDIAL_PS 18:0;[M+Na]+;CCCCCCCCCCCCCCCC(=O)OC(COC(C)=O)COP(O)(=O)OCC(N)C(O)=O;BKBLDVZUDGNGFC-UHFFFAOYNA-N;C24H46NO10P","562.27515","207.9982","562.2751","377.2662","355.2843","475.2431"
"MSDIAL_PS 18:1;[M+Na]+;CCCCCC\C=C/CCCCCCCC(=O)OC(COC(C)=O)COP(O)(=O)OCC(N)C(O)=O;JKGBXUQLWNERFO-HJWRWDBZNA-N;C24H44NO10P","560.25950","207.9982","560.2595","375.2506","353.2686","473.2275"
"MSDIAL_PS 18:2;[M+Na]+;CCC\C=C/C\C=C/CCCCCCCC(=O)OC(COC(C)=O)COP(O)(=O)OCC(N)C(O)=O;JQNFXCAEPHLSHQ-AFJQJTPPNA-N;C24H42NO10P","558.24385","207.9982","558.2438","373.2349","351.253","471.2118"
"MSDIAL_PS 18:3;[M+Na]+;CC\C=C/C\C=C/C\C=C/CCCCCC(=O)OC(COC(C)=O)COP(O)(=O)OCC(N)C(O)=O;ZIJVJJOJWWHNEN-YSTUJMKBNA-N;C24H40NO10P","556.22820","207.9982","556.2282","371.2193","349.2373","469.1962"
"MSDIAL_PS 18:4;[M+Na]+;CC\C=C/C\C=C/C\C=C/C\C=C/CCC(=O)OC(COC(C)=O)COP(O)(=O)OCC(N)C(O)=O;IYYWVROBTLBWBH-GJDCDIHCNA-N;C24H38NO10P","554.21255","207.9982","554.2125","369.2036","347.2217","467.1805"
"MSDIAL_PS 19:0;[M+Na]+;CCCCCCCCCCCCCCCCC(=O)OC(COC(C)=O)COP(O)(=O)OCC(N)C(O)=O;XMRHFMZAIZZHAR-UHFFFAOYNA-N;C25H48NO10P","576.29080","207.9982","576.2908","391.2819","369.2999","489.2588"
"MSDIAL_PS 19:1;[M+Na]+;CCCCCCC\C=C/CCCCCCCC(=O)OC(COC(C)=O)COP(O)(=O)OCC(N)C(O)=O;NHFITWUBZQECJX-KTKRTIGZNA-N;C25H46NO10P","574.27515","207.9982","574.2751","389.2662","367.2843","487.2431"
"MSDIAL_PS 19:2;[M+Na]+;CCCC\C=C/C\C=C/CCCCCCCC(=O)OC(COC(C)=O)COP(O)(=O)OCC(N)C(O)=O;MLFPLVRHBSWIMX-HZJYTTRNNA-N;C25H44NO10P","572.25950","207.9982","572.2595","387.2506","365.2686","485.2275"
"MSDIAL_PS 19:3;[M+Na]+;CC\C=C/C\C=C/C\C=C/CCCCCC(=O)OC(COC(=O)CC)COP(O)(=O)OCC(N)C(O)=O;IIAHKYAJWGIKMV-AGRJPVHONA-N;C25H42NO10P","570.24385","207.9982","570.2438","385.2349","363.253","483.2118"
"MSDIAL_PS 19:4;[M+Na]+;CC\C=C/C\C=C/C\C=C/C\C=C/CCC(=O)OC(COC(=O)CC)COP(O)(=O)OCC(N)C(O)=O;BVFZULVKIJUVDL-AFSLFLIVNA-N;C25H40NO10P","568.22820","207.9982","568.2282","383.2193","361.2373","481.1962"
"MSDIAL_PS 20:0;[M+Na]+;CCCCCCCCCCCCCCCCCC(=O)OC(COC(C)=O)COP(O)(=O)OCC(N)C(O)=O;FQJKOXNIHQUYLW-UHFFFAOYNA-N;C26H50NO10P","590.30645","207.9982","590.3065","405.2975","383.3156","503.2744"
"MSDIAL_PS 20:1;[M+Na]+;CCCCCCCC\C=C/CCCCCCCC(=O)OC(COC(C)=O)COP(O)(=O)OCC(N)C(O)=O;QQWLIHBLPMAOFP-KHPPLWFENA-N;C26H48NO10P","588.29080","207.9982","588.2908","403.2819","381.2999","501.2588"
"MSDIAL_PS 20:2;[M+Na]+;CCCCC\C=C/C\C=C/CCCCCCCC(=O)OC(COC(C)=O)COP(O)(=O)OCC(N)C(O)=O;DVYDFPABZMMUJT-NQLNTKRDNA-N;C26H46NO10P","586.27515","207.9982","586.2751","401.2662","379.2843","499.2431"
"MSDIAL_PS 20:3;[M+Na]+;CC\C=C/C\C=C/C\C=C/CCCCCCCC(=O)OC(COC(C)=O)COP(O)(=O)OCC(N)C(O)=O;UAUQNZWWEFQCOR-YSTUJMKBNA-N;C26H44NO10P","584.25950","207.9982","584.2595","399.2506","377.2686","497.2275"
"MSDIAL_PS 20:4;[M+Na]+;CC\C=C/C\C=C/C\C=C/C\C=C/CCCCC(=O)OC(COC(C)=O)COP(O)(=O)OCC(N)C(O)=O;FDQWBDZMJXZWHV-GJDCDIHCNA-N;C26H42NO10P","582.24385","207.9982","582.2438","397.2349","375.253","495.2118"
"MSDIAL_PS 20:5;[M+Na]+;CC\C=C/C\C=C/C\C=C/C\C=C/C\C=C/CC(=O)OC(COC(C)=O)COP(O)(=O)OCC(N)C(O)=O;WXJNXGISTPPVJK-JEBPEJKENA-N;C26H40NO10P","580.22820","207.9982","580.2282","395.2193","373.2373","493.1962"
"MSDIAL_PS 21:0;[M+Na]+;CCCCCCCCCCCCCCCCCCC(=O)OC(COC(C)=O)COP(O)(=O)OCC(N)C(O)=O;WPDPNFNXKRJYGW-UHFFFAOYNA-N;C27H52NO10P","604.32210","207.9982","604.3221","419.3132","397.3312","517.2901"
"MSDIAL_PS 21:1;[M+Na]+;CCCCCCCCC\C=C/CCCCCCCC(=O)OC(COC(C)=O)COP(O)(=O)OCC(N)C(O)=O;RPWOYKNEZLXBRR-QXMHVHEDNA-N;C27H50NO10P","602.30645","207.9982","602.3065","417.2975","395.3156","515.2744"
"MSDIAL_PS 21:2;[M+Na]+;CCCCCC\C=C/C\C=C/CCCCCCCC(=O)OC(COC(C)=O)COP(O)(=O)OCC(N)C(O)=O;YBRJVKYMDBOZTR-MURFETPANA-N;C27H48NO10P","600.29080","207.9982","600.2908","415.2819","393.2999","513.2588"
"MSDIAL_PS 21:3;[M+Na]+;CC\C=C/C\C=C/C\C=C/CCCCCCCC(=O)OC(COC(=O)CC)COP(O)(=O)OCC(N)C(O)=O;YYSJXLLMYARCLG-AGRJPVHONA-N;C27H46NO10P","598.27515","207.9982","598.2751","413.2662","391.2843","511.2431"
"MSDIAL_PS 21:4;[M+Na]+;CC\C=C/C\C=C/C\C=C/C\C=C/CCCCC(=O)OC(COC(=O)CC)COP(O)(=O)OCC(N)C(O)=O;ZYFGUCGLRPENDM-AFSLFLIVNA-N;C27H44NO10P","596.25950","207.9982","596.2595","411.2506","389.2686","509.2275"
"MSDIAL_PS 21:5;[M+Na]+;CC\C=C/C\C=C/C\C=C/C\C=C/C\C=C/CC(=O)OC(COC(=O)CC)COP(O)(=O)OCC(N)C(O)=O;MFHDMMSEJZPGBJ-AAQCHOMXNA-N;C27H42NO10P","594.24385","207.9982","594.2438","409.2349","387.253","507.2118"
"MSDIAL_PS 22:0;[M+Na]+;CCCCCCCCCCCCCCCCCCCC(=O)OC(COC(C)=O)COP(O)(=O)OCC(N)C(O)=O;FTNGEIDZCRKKTJ-UHFFFAOYNA-N;C28H54NO10P","618.33775","207.9982","618.3378","433.3288","411.3469","531.3057"
"MSDIAL_PS 22:1;[M+Na]+;CCCCCCCC\C=C/CCCCCCCCCC(=O)OC(COC(C)=O)COP(O)(=O)OCC(N)C(O)=O;VVULRNKENKWNDT-KHPPLWFENA-N;C28H52NO10P","616.32210","207.9982","616.3221","431.3132","409.3312","529.2901"
"MSDIAL_PS 22:2;[M+Na]+;CCCCC\C=C/C\C=C/CCCCCCCCCC(=O)OC(COC(C)=O)COP(O)(=O)OCC(N)C(O)=O;AJHXODVXJKRGOU-NQLNTKRDNA-N;C28H50NO10P","614.30645","207.9982","614.3065","429.2975","407.3156","527.2744"
"MSDIAL_PS 22:3;[M+Na]+;CC\C=C/C\C=C/C\C=C/CCCCCCCCCC(=O)OC(COC(C)=O)COP(O)(=O)OCC(N)C(O)=O;YWUBOYXWJXQJLB-YSTUJMKBNA-N;C28H48NO10P","612.29080","207.9982","612.2908","427.2819","405.2999","525.2588"
"MSDIAL_PS 22:4;[M+Na]+;CC\C=C/C\C=C/C\C=C/C\C=C/CCCCCCC(=O)OC(COC(C)=O)COP(O)(=O)OCC(N)C(O)=O;SWFYLKSEERLKNA-GJDCDIHCNA-N;C28H46NO10P","610.27515","207.9982","610.2751","425.2662","403.2843","523.2431"
"MSDIAL_PS 22:5;[M+Na]+;CC\C=C/C\C=C/C\C=C/C\C=C/C\C=C/CCCC(=O)OC(COC(C)=O)COP(O)(=O)OCC(N)C(O)=O;ATCMAPXXEYOIKX-JEBPEJKENA-N;C28H44NO10P","608.25950","207.9982","608.2595","423.2506","401.2686","521.2275"
"MSDIAL_PS 23:0;[M+Na]+;CCCCCCCCCCCCCCCCCCCCC(=O)OC(COC(C)=O)COP(O)(=O)OCC(N)C(O)=O;VGMYMRYQYHSRKD-UHFFFAOYNA-N;C29H56NO10P","632.35340","207.9982","632.3534","447.3445","425.3625","545.3214"
"MSDIAL_PS 23:1;[M+Na]+;CCCCCCCCC\C=C/CCCCCCCCCC(=O)OC(COC(C)=O)COP(O)(=O)OCC(N)C(O)=O;NKEDIGQIAYGRMF-QXMHVHEDNA-N;C29H54NO10P","630.33775","207.9982","630.3378","445.3288","423.3469","543.3057"
"MSDIAL_PS 23:2;[M+Na]+;CCCCCC\C=C/C\C=C/CCCCCCCCCC(=O)OC(COC(C)=O)COP(O)(=O)OCC(N)C(O)=O;YFDFAOMCTOHYFP-MURFETPANA-N;C29H52NO10P","628.32210","207.9982","628.3221","443.3132","421.3312","541.2901"
"MSDIAL_PS 23:3;[M+Na]+;CC\C=C/C\C=C/C\C=C/CCCCCCCCCC(=O)OC(COC(=O)CC)COP(O)(=O)OCC(N)C(O)=O;ZIHIMJWSZSSMBB-AGRJPVHONA-N;C29H50NO10P","626.30645","207.9982","626.3065","441.2975","419.3156","539.2744"
"MSDIAL_PS 23:4;[M+Na]+;CC\C=C/C\C=C/C\C=C/C\C=C/CCCCCCC(=O)OC(COC(=O)CC)COP(O)(=O)OCC(N)C(O)=O;JYUPXVOTOPOSMD-AFSLFLIVNA-N;C29H48NO10P","624.29080","207.9982","624.2908","439.2819","417.2999","537.2588"
"MSDIAL_PS 23:5;[M+Na]+;CC\C=C/C\C=C/C\C=C/C\C=C/C\C=C/CCCC(=O)OC(COC(=O)CC)COP(O)(=O)OCC(N)C(O)=O;OCVHFIWHXZAFAY-AAQCHOMXNA-N;C29H46NO10P","622.27515","207.9982","622.2751","437.2662","415.2843","535.2431"
"MSDIAL_PS 24:0;[M+Na]+;CCCCCCCCCCCCCCCCCCCCCC(=O)OC(COC(C)=O)COP(O)(=O)OCC(N)C(O)=O;ROPSCFSJZDSDQT-UHFFFAOYNA-N;C30H58NO10P","646.36905","207.9982","646.3691","461.3601","439.3782","559.337"
"MSDIAL_PS 24:1;[M+Na]+;CCCCCCCC\C=C/CCCCCCCCCCCC(=O)OC(COC(C)=O)COP(O)(=O)OCC(N)C(O)=O;CLZYNSCBKVLCHV-KHPPLWFENA-N;C30H56NO10P","644.35340","207.9982","644.3534","459.3445","437.3625","557.3214"
"MSDIAL_PS 24:2;[M+Na]+;CCCCC\C=C/C\C=C/CCCCCCCCCCCC(=O)OC(COC(C)=O)COP(O)(=O)OCC(N)C(O)=O;DNYPZMAXFXMCCJ-NQLNTKRDNA-N;C30H54NO10P","642.33775","207.9982","642.3378","457.3288","435.3469","555.3057"
"MSDIAL_PS 24:3;[M+Na]+;CCCCC\C=C/C\C=C/C\C=C/CCCCCCCCC(=O)OC(COC(C)=O)COP(O)(=O)OCC(N)C(O)=O;IVTBKJNWNSZDRK-JPFHKJGANA-N;C30H52NO10P","640.32210","207.9982","640.3221","455.3132","433.3312","553.2901"
"MSDIAL_PS 24:4;[M+Na]+;CC\C=C/C\C=C/C\C=C/C\C=C/CCCCCCCCC(=O)OC(COC(C)=O)COP(O)(=O)OCC(N)C(O)=O;LIHFFVABNJMGAA-GJDCDIHCNA-N;C30H50NO10P","638.30645","207.9982","638.3065","453.2975","431.3156","551.2744"
"MSDIAL_PS 24:5;[M+Na]+;CC\C=C/C\C=C/C\C=C/C\C=C/C\C=C/CCCCCC(=O)OC(COC(C)=O)COP(O)(=O)OCC(N)C(O)=O;DFMNBSIKALVJCY-JEBPEJKENA-N;C30H48NO10P","636.29080","207.9982","636.2908","451.2819","429.2999","549.2588"
"MSDIAL_PS 24:6;[M+Na]+;CC\C=C/C\C=C/C\C=C/C\C=C/C\C=C/C\C=C/CCC(=O)OC(COC(C)=O)COP(O)(=O)OCC(N)C(O)=O;ITBBFBHJLQMVJX-JDPCYWKWNA-N;C30H46NO10P","634.27515","207.9982","634.2751","449.2662","427.2843","547.2431"
"MSDIAL_PS 25:0;[M+Na]+;CCCCCCCCCCCCCCCCCCCCCCC(=O)OC(COC(C)=O)COP(O)(=O)OCC(N)C(O)=O;LCOCPTMIVLZCLZ-UHFFFAOYNA-N;C31H60NO10P","660.38470","207.9982","660.3847","475.3758","453.3938","573.3527"
"MSDIAL_PS 25:1;[M+Na]+;CCCCCCCC\C=C/CCCCCCCCCCCC(=O)OC(COC(=O)CC)COP(O)(=O)OCC(N)C(O)=O;WWVBIYSNBXSINM-QXMHVHEDNA-N;C31H58NO10P","658.36905","207.9982","658.3691","473.3601","451.3782","571.337"
"MSDIAL_PS 25:2;[M+Na]+;CCCCC\C=C/C\C=C/CCCCCCCCCCCC(=O)OC(COC(=O)CC)COP(O)(=O)OCC(N)C(O)=O;UPHOPRTZRNJXMZ-MURFETPANA-N;C31H56NO10P","656.35340","207.9982","656.3534","471.3445","449.3625","569.3214"
"MSDIAL_PS 25:3;[M+Na]+;CCCCC\C=C/C\C=C/C\C=C/CCCCCCCCC(=O)OC(COC(=O)CC)COP(O)(=O)OCC(N)C(O)=O;ZUVRCHJSYNZMRU-ORZIMQNZNA-N;C31H54NO10P","654.33775","207.9982","654.3378","469.3288","447.3469","567.3057"
"MSDIAL_PS 25:4;[M+Na]+;CC\C=C/C\C=C/C\C=C/C\C=C/CCCCCCCCC(=O)OC(COC(=O)CC)COP(O)(=O)OCC(N)C(O)=O;ZMJZXKGBXUXIAH-AFSLFLIVNA-N;C31H52NO10P","652.32210","207.9982","652.3221","467.3132","445.3312","565.2901"
"MSDIAL_PS 25:5;[M+Na]+;CC\C=C/C\C=C/C\C=C/C\C=C/C\C=C/CCCCCC(=O)OC(COC(=O)CC)COP(O)(=O)OCC(N)C(O)=O;BGJKEHSGRAZPMX-AAQCHOMXNA-N;C31H50NO10P","650.30645","207.9982","650.3065","465.2975","443.3156","563.2744"
"MSDIAL_PS 25:6;[M+Na]+;CC\C=C/C\C=C/C\C=C/C\C=C/C\C=C/C\C=C/CCC(=O)OC(COC(=O)CC)COP(O)(=O)OCC(N)C(O)=O;OCMLVZKAMADYQR-YNUSHXQLNA-N;C31H48NO10P","648.29080","207.9982","648.2908","463.2819","441.2999","561.2588"
"MSDIAL_PS 26:0;[M+Na]+;CCCCCCCCCCCCCCCCCCCCCCCC(=O)OC(COC(C)=O)COP(O)(=O)OCC(N)C(O)=O;LMWSAWFCEULOHS-UHFFFAOYNA-N;C32H62NO10P","674.40035","207.9982","674.4003","489.3914","467.4095","587.3683"
"MSDIAL_PS 26:1;[M+Na]+;CCCCCCCCCC\C=C/CCCCCCCCCCCC(=O)OC(COC(C)=O)COP(O)(=O)OCC(N)C(O)=O;NKHOKRQCPGYZQF-SEYXRHQNNA-N;C32H60NO10P","672.38470","207.9982","672.3847","487.3758","465.3938","585.3527"
"MSDIAL_PS 26:2;[M+Na]+;CCCCCCC\C=C/C\C=C/CCCCCCCCCCCC(=O)OC(COC(C)=O)COP(O)(=O)OCC(N)C(O)=O;AIWXJJJHODTPKU-UTJQPWESNA-N;C32H58NO10P","670.36905","207.9982","670.3691","485.3601","463.3782","583.337"
"MSDIAL_PS 26:3;[M+Na]+;CCCCC\C=C/C\C=C/C\C=C/CCCCCCCCC(=O)OC(COC(=O)CCC)COP(O)(=O)OCC(N)C(O)=O;PDGNYQIXOLUMNS-ORZIMQNZNA-N;C32H56NO10P","668.35340","207.9982","668.3534","483.3445","461.3625","581.3214"
"MSDIAL_PS 26:4;[M+Na]+;CC\C=C/C\C=C/C\C=C/C\C=C/CCCCCCCCCCC(=O)OC(COC(C)=O)COP(O)(=O)OCC(N)C(O)=O;CDESXWMJDFEFKM-GJDCDIHCNA-N;C32H54NO10P","666.33775","207.9982","666.3378","481.3288","459.3469","579.3057"
"MSDIAL_PS 26:5;[M+Na]+;CCCC(=O)OCC(COP(O)(=O)OCC(N)C(O)=O)OC(=O)CCCCC\C=C/C\C=C/C\C=C/C\C=C/C\C=C/CC;KNOSTCYTBCSWEV-AAQCHOMXNA-N;C32H52NO10P","664.32210","207.9982","664.3221","479.3132","457.3312","577.2901"
"MSDIAL_PS 26:6;[M+Na]+;CCCC(=O)OCC(COP(O)(=O)OCC(N)C(O)=O)OC(=O)CC\C=C/C\C=C/C\C=C/C\C=C/C\C=C/C\C=C/CC;CIJYIAQZMUECRM-YNUSHXQLNA-N;C32H50NO10P","662.30645","207.9982","662.3065","477.2975","455.3156","575.2744"
"MSDIAL_PS 27:0;[M+Na]+;CCCCCCCCCCCCCCCCCCCCCCCCC(=O)OC(COC(C)=O)COP(O)(=O)OCC(N)C(O)=O;BQOAOGHHUVGKIW-UHFFFAOYNA-N;C33H64NO10P","688.41600","207.9982","688.416","503.4071","481.4251","601.384"
"MSDIAL_PS 27:1;[M+Na]+;CCCCCCCCCC\C=C/CCCCCCCCCCCC(=O)OC(COC(=O)CC)COP(O)(=O)OCC(N)C(O)=O;YGFAKMFHVNHXLN-YPKPFQOONA-N;C33H62NO10P","686.40035","207.9982","686.4003","501.3914","479.4095","599.3683"
"MSDIAL_PS 27:2;[M+Na]+;CCCCCCC\C=C/C\C=C/CCCCCCCCCCCC(=O)OC(COC(=O)CC)COP(O)(=O)OCC(N)C(O)=O;MQECBJZUSOEWJH-XVTLYKPTNA-N;C33H60NO10P","684.38470","207.9982","684.3847","499.3758","477.3938","597.3527"
"MSDIAL_PS 27:3;[M+Na]+;CCCCC\C=C/C\C=C/C\C=C/CCCCCCCCC(=O)OC(COC(=O)CCCC)COP(O)(=O)OCC(N)C(O)=O;GJHFEYJAZUQESO-YOILPLPUNA-N;C33H58NO10P","682.36905","207.9982","682.3691","497.3601","475.3782","595.337"
"MSDIAL_PS 27:4;[M+Na]+;CC\C=C/C\C=C/C\C=C/C\C=C/CCCCCCCCCCC(=O)OC(COC(=O)CC)COP(O)(=O)OCC(N)C(O)=O;AMGQXQYWMXGQJA-AFSLFLIVNA-N;C33H56NO10P","680.35340","207.9982","680.3534","495.3445","473.3625","593.3214"
"MSDIAL_PS 27:5;[M+Na]+;CCCCC(=O)OCC(COP(O)(=O)OCC(N)C(O)=O)OC(=O)CCCCC\C=C/C\C=C/C\C=C/C\C=C/C\C=C/CC;KDBIAYBDRCRMTB-CZESKWGWNA-N;C33H54NO10P","678.33775","207.9982","678.3378","493.3288","471.3469","591.3057"
"MSDIAL_PS 27:6;[M+Na]+;CCCCC(=O)OCC(COP(O)(=O)OCC(N)C(O)=O)OC(=O)CC\C=C/C\C=C/C\C=C/C\C=C/C\C=C/C\C=C/CC;ULYKTQFWVZUGBY-NZSKKQKANA-N;C33H52NO10P","676.32210","207.9982","676.3221","491.3132","469.3312","589.2901"
"MSDIAL_PS 28:0;[M+Na]+;CCCCCCCCCCCCCCCCCCCCCCCCCC(=O)OC(COC(C)=O)COP(O)(=O)OCC(N)C(O)=O;KNKRDQDSINYIMP-UHFFFAOYNA-N;C34H66NO10P","702.43166","207.9982","702.4316","517.4227","495.4408","615.3997"
"MSDIAL_PS 28:1;[M+Na]+;CCCCCCCCCC\C=C/CCCCCCCCCCCCCC(=O)OC(COC(C)=O)COP(O)(=O)OCC(N)C(O)=O;QTKGMXLRBDFDMZ-SEYXRHQNNA-N;C34H64NO10P","700.41600","207.9982","700.416","515.4071","493.4251","613.384"
"MSDIAL_PS 28:2;[M+Na]+;CCCCCCC\C=C/C\C=C/CCCCCCCCCCCCCC(=O)OC(COC(C)=O)COP(O)(=O)OCC(N)C(O)=O;WIOHBLRZLBJEHL-UTJQPWESNA-N;C34H62NO10P","698.40035","207.9982","698.4003","513.3914","491.4095","611.3683"
"MSDIAL_PS 28:3;[M+Na]+;CCCCC\C=C/C\C=C/C\C=C/CCCCCCCCC(=O)OC(COC(=O)CCCCC)COP(O)(=O)OCC(N)C(O)=O;VUFFEDIBACUCMO-YOILPLPUNA-N;C34H60NO10P","696.38470","207.9982","696.3847","511.3758","489.3938","609.3527"
"MSDIAL_PS 28:4;[M+Na]+;CC\C=C/C\C=C/C\C=C/C\C=C/CCCCCCCCCCCCC(=O)OC(COC(C)=O)COP(O)(=O)OCC(N)C(O)=O;XUIGDPYXKQZKMO-GJDCDIHCNA-N;C34H58NO10P","694.36905","207.9982","694.3691","509.3601","487.3782","607.337"
"MSDIAL_PS 28:5;[M+Na]+;CCCCCC(=O)OCC(COP(O)(=O)OCC(N)C(O)=O)OC(=O)CCCCC\C=C/C\C=C/C\C=C/C\C=C/C\C=C/CC;HWWPMQCWRZJODN-CZESKWGWNA-N;C34H56NO10P","692.35340","207.9982","692.3534","507.3445","485.3625","605.3214"
"MSDIAL_PS 28:6;[M+Na]+;CCCCCC(=O)OCC(COP(O)(=O)OCC(N)C(O)=O)OC(=O)CC\C=C/C\C=C/C\C=C/C\C=C/C\C=C/C\C=C/CC;KCJXIFGDFSLCRI-NZSKKQKANA-N;C34H54NO10P","690.33775","207.9982","690.3378","505.3288","483.3469","603.3057"
"MSDIAL_PS 29:0;[M+Na]+;CCCCCCCCCCCCCCCCCCCCCCCCCCC(=O)OC(COC(C)=O)COP(O)(=O)OCC(N)C(O)=O;AATMCMPAECGQMV-UHFFFAOYNA-N;C35H68NO10P","716.44731","207.9982","716.4473","531.4384","509.4565","629.4153"
"MSDIAL_PS 29:1;[M+Na]+;CCCCCCCCCC\C=C/CCCCCCCCCCCCCC(=O)OC(COC(=O)CC)COP(O)(=O)OCC(N)C(O)=O;OLUDPJAFCNUSAG-YPKPFQOONA-N;C35H66NO10P","714.43166","207.9982","714.4316","529.4227","507.4408","627.3997"
"MSDIAL_PS 29:2;[M+Na]+;CCCCCCC\C=C/C\C=C/CCCCCCCCCCCCCC(=O)OC(COC(=O)CC)COP(O)(=O)OCC(N)C(O)=O;PIPJPGYQKFGCDU-XVTLYKPTNA-N;C35H64NO10P","712.41600","207.9982","712.416","527.4071","505.4251","625.384"
"MSDIAL_PS 29:3;[M+Na]+;CCCCCCC(=O)OCC(COP(O)(=O)OCC(N)C(O)=O)OC(=O)CCCCCCCC\C=C/C\C=C/C\C=C/CCCCC;WRECSWMSFOXWOJ-NWFXIAEYNA-N;C35H62NO10P","710.40035","207.9982","710.4003","525.3914","503.4095","623.3683"
"MSDIAL_PS 29:4;[M+Na]+;CC\C=C/C\C=C/C\C=C/C\C=C/CCCCCCCCCCCCC(=O)OC(COC(=O)CC)COP(O)(=O)OCC(N)C(O)=O;VCWBEWUDNCQEPD-AFSLFLIVNA-N;C35H60NO10P","708.38470","207.9982","708.3847","523.3758","501.3938","621.3527"
"MSDIAL_PS 29:5;[M+Na]+;CCCCCCC(=O)OCC(COP(O)(=O)OCC(N)C(O)=O)OC(=O)CCCCC\C=C/C\C=C/C\C=C/C\C=C/C\C=C/CC;BWERGVDMJBTRDB-GJCLIZKUNA-N;C35H58NO10P","706.36905","207.9982","706.3691","521.3601","499.3782","619.337"
"MSDIAL_PS 29:6;[M+Na]+;CCCCCCC(=O)OCC(COP(O)(=O)OCC(N)C(O)=O)OC(=O)CC\C=C/C\C=C/C\C=C/C\C=C/C\C=C/C\C=C/CC;RXHZQKWHXTXDLV-CWBKFRHXNA-N;C35H56NO10P","704.35340","207.9982","704.3534","519.3445","497.3625","617.3214"
"MSDIAL_PS 30:0;[M+Na]+;CCCCCCCCCCCCCCCCCCCCCCCCCCC(=O)OC(COC(=O)CC)COP(O)(=O)OCC(N)C(O)=O;QKTXGTGVRLERQO-UHFFFAOYNA-N;C36H70NO10P","730.46296","207.9982","730.463","545.454","523.4721","643.4309"
"MSDIAL_PS 30:1;[M+Na]+;CCCCCCCCCC\C=C/CCCCCCCCCCCCCC(=O)OC(COC(=O)CCC)COP(O)(=O)OCC(N)C(O)=O;BONKNNNVBJMTQD-YPKPFQOONA-N;C36H68NO10P","728.44731","207.9982","728.4473","543.4384","521.4564","641.4153"
"MSDIAL_PS 30:2;[M+Na]+;CCCCCCC\C=C/C\C=C/CCCCCCCCCCCCCC(=O)OC(COC(=O)CCC)COP(O)(=O)OCC(N)C(O)=O;IBHNQQOLJNZELT-XVTLYKPTNA-N;C36H66NO10P","726.43166","207.9982","726.4316","541.4227","519.4408","639.3997"
"MSDIAL_PS 30:3;[M+Na]+;CCCCCCCC(=O)OCC(COP(O)(=O)OCC(N)C(O)=O)OC(=O)CCCCCCCC\C=C/C\C=C/C\C=C/CCCCC;HLYXDUOAMPBRTH-NWFXIAEYNA-N;C36H64NO10P","724.41600","207.9982","724.416","539.4071","517.4251","637.384"
"MSDIAL_PS 30:4;[M+Na]+;CCCC(=O)OCC(COP(O)(=O)OCC(N)C(O)=O)OC(=O)CCCCCCCCCCCC\C=C/C\C=C/C\C=C/C\C=C/CC;DNJUFDXWFRMILF-AFSLFLIVNA-N;C36H62NO10P","722.40035","207.9982","722.4003","537.3914","515.4095","635.3683"
"MSDIAL_PS 30:5;[M+Na]+;CCCCCCCC(=O)OCC(COP(O)(=O)OCC(N)C(O)=O)OC(=O)CCCCC\C=C/C\C=C/C\C=C/C\C=C/C\C=C/CC;HSVRORVDAIGXFT-GJCLIZKUNA-N;C36H60NO10P","720.38470","207.9982","720.3847","535.3758","513.3939","633.3527"
"MSDIAL_PS 30:6;[M+Na]+;CCCCCCCC(=O)OCC(COP(O)(=O)OCC(N)C(O)=O)OC(=O)CC\C=C/C\C=C/C\C=C/C\C=C/C\C=C/C\C=C/CC;SFVZVXKOYCJRLI-KVLQSIFKNA-N;C36H58NO10P","718.36905","207.9982","718.3691","533.3601","511.3782","631.337"
"MSDIAL_PS 31:0;[M+Na]+;CCCCCCCCCCCCCCCCCCCCCCCCCCC(=O)OC(COC(=O)CCC)COP(O)(=O)OCC(N)C(O)=O;DHWMSGDBNGKABW-UHFFFAOYNA-N;C37H72NO10P","744.47861","207.9982","744.4786","559.4697","537.4877","657.4466"
"MSDIAL_PS 31:1;[M+Na]+;CCCCCCCCCC\C=C/CCCCCCCCCCCCCC(=O)OC(COC(=O)CCCC)COP(O)(=O)OCC(N)C(O)=O;IKLUWJVKNYWHKY-PFONDFGANA-N;C37H70NO10P","742.46296","207.9982","742.463","557.454","535.4721","655.4309"
"MSDIAL_PS 31:2;[M+Na]+;CCCCCCC\C=C/C\C=C/CCCCCCCCCCCCCC(=O)OC(COC(=O)CCCC)COP(O)(=O)OCC(N)C(O)=O;PPBQPWWRDVZPRX-HDXUUTQWNA-N;C37H68NO10P","740.44731","207.9982","740.4473","555.4384","533.4564","653.4153"
"MSDIAL_PS 31:3;[M+Na]+;CCCCCCCCC(=O)OCC(COP(O)(=O)OCC(N)C(O)=O)OC(=O)CCCCCCCC\C=C/C\C=C/C\C=C/CCCCC;CQMYHSHGJXVFKR-IHDWIWDKNA-N;C37H66NO10P","738.43166","207.9982","738.4316","553.4227","531.4408","651.3997"
"MSDIAL_PS 31:4;[M+Na]+;CCCCC(=O)OCC(COP(O)(=O)OCC(N)C(O)=O)OC(=O)CCCCCCCCCCCC\C=C/C\C=C/C\C=C/C\C=C/CC;VWXRKAJRIZEVRI-KUXGPOOQNA-N;C37H64NO10P","736.41600","207.9982","736.416","551.4071","529.4251","649.384"
"MSDIAL_PS 31:5;[M+Na]+;CCCCCCCCC(=O)OCC(COP(O)(=O)OCC(N)C(O)=O)OC(=O)CCCCC\C=C/C\C=C/C\C=C/C\C=C/C\C=C/CC;GFVOODQPVQFTGX-TYBQXOFFNA-N;C37H62NO10P","734.40035","207.9982","734.4003","549.3914","527.4095","647.3683"
"MSDIAL_PS 31:6;[M+Na]+;CCCCCCCCC(=O)OCC(COP(O)(=O)OCC(N)C(O)=O)OC(=O)CC\C=C/C\C=C/C\C=C/C\C=C/C\C=C/C\C=C/CC;DYRFKTURQZAFBC-ZHGRDZPSNA-N;C37H60NO10P","732.38470","207.9982","732.3847","547.3758","525.3939","645.3527"
"MSDIAL_PS 32:0;[M+Na]+;CCCCCCCCCCCCCCCCCCCCCCCCCCC(=O)OC(COC(=O)CCCC)COP(O)(=O)OCC(N)C(O)=O;JDCMLXKGBHKPCZ-UHFFFAOYNA-N;C38H74NO10P","758.49426","207.9982","758.4943","573.4854","551.5034","671.4622"
"MSDIAL_PS 32:1;[M+Na]+;CCCCCCCCCC\C=C/CCCCCCCCCCCCCC(=O)OC(COC(=O)CCCCC)COP(O)(=O)OCC(N)C(O)=O;JHQRDMOCZZPGRN-PFONDFGANA-N;C38H72NO10P","756.47861","207.9982","756.4786","571.4697","549.4877","669.4466"
"MSDIAL_PS 32:2;[M+Na]+;CCCCCCC\C=C/C\C=C/CCCCCCCCCCCCCC(=O)OC(COC(=O)CCCCC)COP(O)(=O)OCC(N)C(O)=O;ZOWPXLLFKNYJHC-HDXUUTQWNA-N;C38H70NO10P","754.46296","207.9982","754.463","569.454","547.4721","667.4309"
"MSDIAL_PS 32:3;[M+Na]+;CCCCCCCCCC(=O)OCC(COP(O)(=O)OCC(N)C(O)=O)OC(=O)CCCCCCCC\C=C/C\C=C/C\C=C/CCCCC;XWKOADTZJHQRGY-IHDWIWDKNA-N;C38H68NO10P","752.44731","207.9982","752.4473","567.4384","545.4564","665.4153"
"MSDIAL_PS 32:4;[M+Na]+;CCCCCC(=O)OCC(COP(O)(=O)OCC(N)C(O)=O)OC(=O)CCCCCCCCCCCC\C=C/C\C=C/C\C=C/C\C=C/CC;KQHOWGBVQLXHNT-KUXGPOOQNA-N;C38H66NO10P","750.43166","207.9982","750.4316","565.4227","543.4408","663.3997"
"MSDIAL_PS 32:5;[M+Na]+;CCCCCCCCCC(=O)OCC(COP(O)(=O)OCC(N)C(O)=O)OC(=O)CCCCC\C=C/C\C=C/C\C=C/C\C=C/C\C=C/CC;GQXZSOHIJARIHM-TYBQXOFFNA-N;C38H64NO10P","748.41600","207.9982","748.416","563.4071","541.4251","661.384"
"MSDIAL_PS 32:6;[M+Na]+;CCCCCCCCCC(=O)OCC(COP(O)(=O)OCC(N)C(O)=O)OC(=O)CC\C=C/C\C=C/C\C=C/C\C=C/C\C=C/C\C=C/CC;ARGMMOXITSTLRJ-DKWGTGFDNA-N;C38H62NO10P","746.40035","207.9982","746.4003","561.3914","539.4095","659.3683"
"MSDIAL_PS 32:7;[M+Na]+;CC\C=C/C\C=C/C\C=C/CCCCCC(=O)OCC(COP(O)(=O)OCC(N)C(O)=O)OC(=O)CC\C=C/C\C=C/C\C=C/C\C=C/CC;RGDYFTRDEIKJOU-ARDMRTSLNA-N;C38H60NO10P","744.38470","207.9982","744.3847","559.3758","537.3939","657.3527"
"MSDIAL_PS 32:8;[M+Na]+;CC\C=C/C\C=C/C\C=C/C\C=C/CCC(=O)OCC(COP(O)(=O)OCC(N)C(O)=O)OC(=O)CC\C=C/C\C=C/C\C=C/C\C=C/CC;CNGCHNZFFNEPID-CKKCRWTANA-N;C38H58NO10P","742.36905","207.9982","742.3691","557.3601","535.3782","655.337"
"MSDIAL_PS 33:0;[M+Na]+;CCCCCCCCCCCCCCCCCCCCCCCCCCC(=O)OC(COC(=O)CCCCC)COP(O)(=O)OCC(N)C(O)=O;VSIAFANPDQAVMH-UHFFFAOYNA-N;C39H76NO10P","772.50991","207.9982","772.5099","587.501","565.519","685.4779"
"MSDIAL_PS 33:1;[M+Na]+;CCCCCCCCCC\C=C/CCCCCCCCCCCCCC(=O)OC(COC(=O)CCCCCC)COP(O)(=O)OCC(N)C(O)=O;GYIDBDRMFWOVSA-NXVVXOECNA-N;C39H74NO10P","770.49426","207.9982","770.4943","585.4854","563.5034","683.4622"
"MSDIAL_PS 33:2;[M+Na]+;CCCCCCC\C=C/C\C=C/CCCCCCCCCCCCCC(=O)OC(COC(=O)CCCCCC)COP(O)(=O)OCC(N)C(O)=O;QLKRLWJIDPBENE-QGLGPCELNA-N;C39H72NO10P","768.47861","207.9982","768.4786","583.4697","561.4877","681.4466"
"MSDIAL_PS 33:3;[M+Na]+;CCCCCCCCCCC(=O)OCC(COP(O)(=O)OCC(N)C(O)=O)OC(=O)CCCCCCCC\C=C/C\C=C/C\C=C/CCCCC;AXUPEAONRVELKJ-CYOUXDCBNA-N;C39H70NO10P","766.46296","207.9982","766.463","581.454","559.4721","679.4309"
"MSDIAL_PS 33:4;[M+Na]+;CCCCCCC(=O)OCC(COP(O)(=O)OCC(N)C(O)=O)OC(=O)CCCCCCCCCCCC\C=C/C\C=C/C\C=C/C\C=C/CC;AESBDPPSTFWPKB-ZRENGBSJNA-N;C39H68NO10P","764.44731","207.9982","764.4473","579.4384","557.4564","677.4153"
"MSDIAL_PS 33:5;[M+Na]+;CCCCCCCCCCC(=O)OCC(COP(O)(=O)OCC(N)C(O)=O)OC(=O)CCCCC\C=C/C\C=C/C\C=C/C\C=C/C\C=C/CC;PAWUUGKRKCLGCG-IEZVAYKSNA-N;C39H66NO10P","762.43166","207.9982","762.4316","577.4227","555.4408","675.3997"
"MSDIAL_PS 33:6;[M+Na]+;CCCCCCCCCCC(=O)OCC(COP(O)(=O)OCC(N)C(O)=O)OC(=O)CC\C=C/C\C=C/C\C=C/C\C=C/C\C=C/C\C=C/CC;ASCRTIKJVIZKDO-RKSWIJSONA-N;C39H64NO10P","760.41600","207.9982","760.416","575.4071","553.4251","673.384"
"MSDIAL_PS 34:0;[M+Na]+;CCCCCCCCCCCCCCCCCCCCCCCCCCC(=O)OC(COC(=O)CCCCCC)COP(O)(=O)OCC(N)C(O)=O;BUDBCJWOYNCSMQ-UHFFFAOYNA-N;C40H78NO10P","786.52556","207.9982","786.5256","601.5167","579.5347","699.4935"
"MSDIAL_PS 34:1;[M+Na]+;CCCCCCCCCC\C=C/CCCCCCCCCCCCCC(=O)OC(COC(=O)CCCCCCC)COP(O)(=O)OCC(N)C(O)=O;AQHRQDGPOHZJJB-NXVVXOECNA-N;C40H76NO10P","784.50991","207.9982","784.5099","599.501","577.519","697.4779"
"MSDIAL_PS 34:2;[M+Na]+;CCCCCCC\C=C/C\C=C/CCCCCCCCCCCCCC(=O)OC(COC(=O)CCCCCCC)COP(O)(=O)OCC(N)C(O)=O;BHCCLMNQHWGECK-QGLGPCELNA-N;C40H74NO10P","782.49426","207.9982","782.4943","597.4854","575.5034","695.4622"
"MSDIAL_PS 34:3;[M+Na]+;CCCCCCCCCCCC(=O)OCC(COP(O)(=O)OCC(N)C(O)=O)OC(=O)CCCCCCCC\C=C/C\C=C/C\C=C/CCCCC;ZWDHLDSPLRWPDD-CYOUXDCBNA-N;C40H72NO10P","780.47861","207.9982","780.4786","595.4697","573.4877","693.4466"
"MSDIAL_PS 34:4;[M+Na]+;CCCCCCCC(=O)OCC(COP(O)(=O)OCC(N)C(O)=O)OC(=O)CCCCCCCCCCCC\C=C/C\C=C/C\C=C/C\C=C/CC;SDQUIJISAOIUEP-ZRENGBSJNA-N;C40H70NO10P","778.46296","207.9982","778.463","593.454","571.4721","691.4309"
"MSDIAL_PS 34:5;[M+Na]+;CCCCCCCCCCCC(=O)OCC(COP(O)(=O)OCC(N)C(O)=O)OC(=O)CCCCC\C=C/C\C=C/C\C=C/C\C=C/C\C=C/CC;XOZPWOAYVFVBEU-IEZVAYKSNA-N;C40H68NO10P","776.44731","207.9982","776.4473","591.4384","569.4564","689.4153"
"MSDIAL_PS 34:6;[M+Na]+;CCCCCCCCCCCC(=O)OCC(COP(O)(=O)OCC(N)C(O)=O)OC(=O)CC\C=C/C\C=C/C\C=C/C\C=C/C\C=C/C\C=C/CC;FXWFFEUZEXTYPJ-IFBLDDMZNA-N;C40H66NO10P","774.43166","207.9982","774.4316","589.4227","567.4408","687.3997"
"MSDIAL_PS 34:7;[M+Na]+;CCC\C=C/C\C=C/CCCCCCCC(=O)OCC(COP(O)(=O)OCC(N)C(O)=O)OC(=O)C\C=C/C\C=C/C\C=C/C\C=C/C\C=C/CC;LTOWFJUMCOSJRZ-BOJCRYBXNA-N;C40H64NO10P","772.41600","207.9982","772.416","587.4071","565.4251","685.384"
"MSDIAL_PS 34:8;[M+Na]+;CC\C=C/C\C=C/C\C=C/CCCCCC(=O)OCC(COP(O)(=O)OCC(N)C(O)=O)OC(=O)C\C=C/C\C=C/C\C=C/C\C=C/C\C=C/CC;MEUKUKKUCVJSSN-MAZKMEAVNA-N;C40H62NO10P","770.40035","207.9982","770.4003","585.3914","563.4095","683.3683"
"MSDIAL_PS 34:9;[M+Na]+;CC\C=C/C\C=C/C\C=C/C\C=C/CCC(=O)OCC(COP(O)(=O)OCC(N)C(O)=O)OC(=O)C\C=C/C\C=C/C\C=C/C\C=C/C\C=C/CC;PPPKGVMASHZVRL-KTHSNPCCNA-N;C40H60NO10P","768.38470","207.9982","768.3847","583.3758","561.3939","681.3527"
"MSDIAL_PS 35:0;[M+Na]+;CCCCCCCCCCCCCCCCCCCCCCCCCCC(=O)OC(COC(=O)CCCCCCC)COP(O)(=O)OCC(N)C(O)=O;XVMMJTZZZJQXFW-UHFFFAOYNA-N;C41H80NO10P","800.54121","207.9982","800.5412","615.5323","593.5504","713.5092"
"MSDIAL_PS 35:1;[M+Na]+;CCCCCCCCCC\C=C/CCCCCCCCCCCCCC(=O)OC(COC(=O)CCCCCCCC)COP(O)(=O)OCC(N)C(O)=O;MTLFHBNNZXKROM-MSUUIHNZNA-N;C41H78NO10P","798.52556","207.9982","798.5256","613.5167","591.5347","711.4935"
"MSDIAL_PS 35:2;[M+Na]+;CCCCCCCCC(=O)OCC(COP(O)(=O)OCC(N)C(O)=O)OC(=O)CCCCCCCCCCCCC\C=C/C\C=C/CCCCCCC;RQWVFCSTXLHOGO-AUGURXLVNA-N;C41H76NO10P","796.50991","207.9982","796.5099","611.501","589.519","709.4779"
"MSDIAL_PS 35:3;[M+Na]+;CCCCCCCCCCCCC(=O)OCC(COP(O)(=O)OCC(N)C(O)=O)OC(=O)CCCCCCCC\C=C/C\C=C/C\C=C/CCCCC;SEPROKLHTSSXGL-NKTIKPMXNA-N;C41H74NO10P","794.49426","207.9982","794.4943","609.4854","587.5034","707.4622"
"MSDIAL_PS 35:4;[M+Na]+;CCCCCCCCC(=O)OCC(COP(O)(=O)OCC(N)C(O)=O)OC(=O)CCCCCCCCCCCC\C=C/C\C=C/C\C=C/C\C=C/CC;XDBBSRKGTZUQHZ-XWVIRPHINA-N;C41H72NO10P","792.47861","207.9982","792.4786","607.4697","585.4877","705.4466"
"MSDIAL_PS 35:5;[M+Na]+;CCCCCCCCCCCCC(=O)OCC(COP(O)(=O)OCC(N)C(O)=O)OC(=O)CCCCC\C=C/C\C=C/C\C=C/C\C=C/C\C=C/CC;NESYYXZRNIXTSC-YOJOTYGRNA-N;C41H70NO10P","790.46296","207.9982","790.463","605.454","583.4721","703.4309"
"MSDIAL_PS 35:6;[M+Na]+;CCCCCCCCCCCCC(=O)OCC(COP(O)(=O)OCC(N)C(O)=O)OC(=O)CC\C=C/C\C=C/C\C=C/C\C=C/C\C=C/C\C=C/CC;HPULPAFRTNLKGO-ACOVZCEQNA-N;C41H68NO10P","788.44731","207.9982","788.4473","603.4384","581.4564","701.4153"
"MSDIAL_PS 35:7;[M+Na]+;CCC\C=C/CCCCCCCC(=O)OCC(COP(O)(=O)OCC(N)C(O)=O)OC(=O)CC\C=C/C\C=C/C\C=C/C\C=C/C\C=C/C\C=C/CC;RQEVRDHRYJXOHT-VPMBWMMNNA-N;C41H66NO10P","786.43166","207.9982","786.4316","601.4227","579.4408","699.3997"
"MSDIAL_PS 36:0;[M+Na]+;CCCCCCCCCCCCCCCCCCCCCCCCCCC(=O)OC(COC(=O)CCCCCCCC)COP(O)(=O)OCC(N)C(O)=O;RHGZGUUAJSWOME-UHFFFAOYNA-N;C42H82NO10P","814.55686","207.9982","814.5569","629.5479","607.566","727.5248"
"MSDIAL_PS 36:1;[M+Na]+;CCCCCCCCCC\C=C/CCCCCCCCCCCCCC(=O)OC(COC(=O)CCCCCCCCC)COP(O)(=O)OCC(N)C(O)=O;NQHJCMQJZNXHRJ-MSUUIHNZNA-N;C42H80NO10P","812.54121","207.9982","812.5412","627.5323","605.5504","725.5092"
"MSDIAL_PS 36:10;[M+Na]+;CC\C=C/C\C=C/C\C=C/C\C=C/C\C=C/CC(=O)OCC(COP(O)(=O)OCC(N)C(O)=O)OC(=O)C\C=C/C\C=C/C\C=C/C\C=C/C\C=C/CC;CIIYWVUNFHXRRX-LPEZNXMBNA-N;C42H62NO10P","794.40035","207.9982","794.4003","609.3914","587.4095","707.3683"
"MSDIAL_PS 36:2;[M+Na]+;CCCCCCCCCC(=O)OCC(COP(O)(=O)OCC(N)C(O)=O)OC(=O)CCCCCCCCCCCCC\C=C/C\C=C/CCCCCCC;AABCRIRXJLPAQD-AUGURXLVNA-N;C42H78NO10P","810.52556","207.9982","810.5256","625.5167","603.5347","723.4935"
"MSDIAL_PS 36:3;[M+Na]+;CCCCCCCCCCCCCC(=O)OCC(COP(O)(=O)OCC(N)C(O)=O)OC(=O)CCCCCCCC\C=C/C\C=C/C\C=C/CCCCC;MKTHNSMTZUAJBI-NKTIKPMXNA-N;C42H76NO10P","808.50991","207.9982","808.5099","623.501","601.519","721.4779"
"MSDIAL_PS 36:4;[M+Na]+;CCCCCCCCCC(=O)OCC(COP(O)(=O)OCC(N)C(O)=O)OC(=O)CCCCCCCCCCCC\C=C/C\C=C/C\C=C/C\C=C/CC;GOHGTRJJKQYROR-XWVIRPHINA-N;C42H74NO10P","806.49426","207.9982","806.4943","621.4854","599.5034","719.4622"
"MSDIAL_PS 36:5;[M+Na]+;CCCCCCCCCCCCCC(=O)OCC(COP(O)(=O)OCC(N)C(O)=O)OC(=O)CCCCC\C=C/C\C=C/C\C=C/C\C=C/C\C=C/CC;ZBRXHROSJYLLRC-RMKSIFPTNA-N;C42H72NO10P","804.47861","207.9982","804.4786","619.4697","597.4877","717.4466"
"MSDIAL_PS 36:6;[M+Na]+;CCCCCCCCCCCCCC(=O)OCC(COP(O)(=O)OCC(N)C(O)=O)OC(=O)CC\C=C/C\C=C/C\C=C/C\C=C/C\C=C/C\C=C/CC;WBPARLYTDQZTKA-PAHVTNPFNA-N;C42H70NO10P","802.46296","207.9982","802.463","617.454","595.4721","715.4309"
"MSDIAL_PS 36:7;[M+Na]+;CCCC\C=C/CCCCCCCC(=O)OCC(COP(O)(=O)OCC(N)C(O)=O)OC(=O)CC\C=C/C\C=C/C\C=C/C\C=C/C\C=C/C\C=C/CC;YXCSDRIKCDJNEX-PPKWXVRLNA-N;C42H68NO10P","800.44731","207.9982","800.4473","615.4384","593.4564","713.4153"
"MSDIAL_PS 36:8;[M+Na]+;CC\C=C/C\C=C/C\C=C/CCCCCC(=O)OCC(COP(O)(=O)OCC(N)C(O)=O)OC(=O)CCC\C=C/C\C=C/C\C=C/C\C=C/C\C=C/CC;LGFMWOAAQHDOLH-WKASEKAZNA-N;C42H66NO10P","798.43166","207.9982","798.4316","613.4227","591.4408","711.3997"
"MSDIAL_PS 36:9;[M+Na]+;CC\C=C/C\C=C/C\C=C/C\C=C/CCC(=O)OCC(COP(O)(=O)OCC(N)C(O)=O)OC(=O)CCC\C=C/C\C=C/C\C=C/C\C=C/C\C=C/CC;DISAERYNOWUSQK-JQGSKRHWNA-N;C42H64NO10P","796.41600","207.9982","796.416","611.4071","589.4251","709.384"
"MSDIAL_PS 37:0;[M+Na]+;CCCCCCCCCCCCCCCCCCCCCCCCCCC(=O)OC(COC(=O)CCCCCCCCC)COP(O)(=O)OCC(N)C(O)=O;PMPGWQFLRBMZHE-UHFFFAOYNA-N;C43H84NO10P","828.57251","207.9982","828.5725","643.5636","621.5817","741.5405"
"MSDIAL_PS 37:1;[M+Na]+;CCCCCCCCCC\C=C/CCCCCCCCCCCCCC(=O)OC(COC(=O)CCCCCCCCCC)COP(O)(=O)OCC(N)C(O)=O;ORQUQVVNJSOGRR-ZCXUNETKNA-N;C43H82NO10P","826.55686","207.9982","826.5569","641.5479","619.566","739.5248"
"MSDIAL_PS 37:2;[M+Na]+;CCCCCCCCCCC(=O)OCC(COP(O)(=O)OCC(N)C(O)=O)OC(=O)CCCCCCCCCCCCC\C=C/C\C=C/CCCCCCC;WGANYLGIIDOQAU-NFYLBXPENA-N;C43H80NO10P","824.54121","207.9982","824.5412","639.5323","617.5504","737.5092"
"MSDIAL_PS 37:3;[M+Na]+;CCCCCCC\C=C/C\C=C/CCCCCCCCCCCC(=O)OC(COC(=O)CCCCCCC\C=C/CCC)COP(O)(=O)OCC(N)C(O)=O;YCGRZSWJEZLFBI-TZHWTMFMNA-N;C43H78NO10P","822.52556","207.9982","822.5256","637.5167","615.5347","735.4935"
"MSDIAL_PS 37:4;[M+Na]+;CCCCCCCCCCC(=O)OCC(COP(O)(=O)OCC(N)C(O)=O)OC(=O)CCCCCCCCCCCC\C=C/C\C=C/C\C=C/C\C=C/CC;LTOHDOJNRRIBGG-OFAZCYPNNA-N;C43H76NO10P","820.50991","207.9982","820.5099","635.501","613.519","733.4779"
"MSDIAL_PS 37:5;[M+Na]+;CCC\C=C/CCCCCCCC(=O)OCC(COP(O)(=O)OCC(N)C(O)=O)OC(=O)CCCCCCCCCC\C=C/C\C=C/C\C=C/C\C=C/CC;BBUCISNXWHRPDK-VEXKFZTGNA-N;C43H74NO10P","818.49426","207.9982","818.4943","633.4854","611.5034","731.4622"
"MSDIAL_PS 37:6;[M+Na]+;CCCCCCCCCCCCCCC(=O)OCC(COP(O)(=O)OCC(N)C(O)=O)OC(=O)CC\C=C/C\C=C/C\C=C/C\C=C/C\C=C/C\C=C/CC;MFRBFQDOGPHKJC-JTURFRPLNA-N;C43H72NO10P","816.47861","207.9982","816.4786","631.4697","609.4877","729.4466"
"MSDIAL_PS 37:7;[M+Na]+;CCCCC\C=C/CCCCCCCC(=O)OCC(COP(O)(=O)OCC(N)C(O)=O)OC(=O)CC\C=C/C\C=C/C\C=C/C\C=C/C\C=C/C\C=C/CC;QMQNDBQDBDFQPX-VFUAPNGZNA-N;C43H70NO10P","814.46296","207.9982","814.463","629.454","607.4721","727.4309"
"MSDIAL_PS 38:0;[M+Na]+;CCCCCCCCCCCCCCCCCCCCCCCCCCC(=O)OC(COC(=O)CCCCCCCCCC)COP(O)(=O)OCC(N)C(O)=O;PKVJUVJXJXSRDP-UHFFFAOYNA-N;C44H86NO10P","842.58816","207.9982","842.5881","657.5792","635.5973","755.5562"
"MSDIAL_PS 38:1;[M+Na]+;CCCCCCCCCCCC(=O)OCC(COP(O)(=O)OCC(N)C(O)=O)OC(=O)CCCCCCCCCCCCC\C=C/CCCCCCCCCC;RSGWELYWMFWWGY-ZCXUNETKNA-N;C44H84NO10P","840.57251","207.9982","840.5725","655.5636","633.5817","753.5405"
"MSDIAL_PS 38:10;[M+Na]+;CC\C=C/C\C=C/C\C=C/C\C=C/CCC(=O)OCC(COP(O)(=O)OCC(N)C(O)=O)OC(=O)CC\C=C/C\C=C/C\C=C/C\C=C/C\C=C/C\C=C/CC;ZIJKQJAZRQRCFG-RUQMHDRUNA-N;C44H66NO10P","822.43166","207.9982","822.4316","637.4227","615.4408","735.3997"
"MSDIAL_PS 38:2;[M+Na]+;CCCCCCCCCCCC(=O)OCC(COP(O)(=O)OCC(N)C(O)=O)OC(=O)CCCCCCCCCCCCC\C=C/C\C=C/CCCCCCC;ZILPSEOZZCITFH-NFYLBXPENA-N;C44H82NO10P","838.55686","207.9982","838.5569","653.5479","631.566","751.5248"
"MSDIAL_PS 38:3;[M+Na]+;CCCCCCC\C=C/C\C=C/CCCCCCCCCCCC(=O)OC(COC(=O)CCCCCCC\C=C/CCCC)COP(O)(=O)OCC(N)C(O)=O;GTLJOJQANVFKFS-MLVGEXJWNA-N;C44H80NO10P","836.54121","207.9982","836.5412","651.5323","629.5504","749.5092"
"MSDIAL_PS 38:4;[M+Na]+;CCCCCCCCCCCC(=O)OCC(COP(O)(=O)OCC(N)C(O)=O)OC(=O)CCCCCCCCCCCC\C=C/C\C=C/C\C=C/C\C=C/CC;UHOOHKMAIUUWIX-OFAZCYPNNA-N;C44H78NO10P","834.52556","207.9982","834.5256","649.5167","627.5347","747.4935"
"MSDIAL_PS 38:5;[M+Na]+;CCCC\C=C/CCCCCCCC(=O)OCC(COP(O)(=O)OCC(N)C(O)=O)OC(=O)CCCCCCCCCC\C=C/C\C=C/C\C=C/C\C=C/CC;ODQMRGBEVNGECP-REJVNYKHNA-N;C44H76NO10P","832.50991","207.9982","832.5099","647.501","625.519","745.4779"
"MSDIAL_PS 38:6;[M+Na]+;CCCCCCCCCCCCCCCC(=O)OCC(COP(O)(=O)OCC(N)C(O)=O)OC(=O)CC\C=C/C\C=C/C\C=C/C\C=C/C\C=C/C\C=C/CC;PWBBJQOVCTWPIM-LGFBOSHVNA-N;C44H74NO10P","830.49426","207.9982","830.4943","645.4854","623.5034","743.4622"
"MSDIAL_PS 38:7;[M+Na]+;CCCCCC\C=C/CCCCCCCC(=O)OCC(COP(O)(=O)OCC(N)C(O)=O)OC(=O)CC\C=C/C\C=C/C\C=C/C\C=C/C\C=C/C\C=C/CC;JFVIHLIFBOBUBC-LSTLUVPYNA-N;C44H72NO10P","828.47861","207.9982","828.4786","643.4697","621.4877","741.4466"
"MSDIAL_PS 38:8;[M+Na]+;CCC\C=C/C\C=C/CCCCCCCC(=O)OCC(COP(O)(=O)OCC(N)C(O)=O)OC(=O)CC\C=C/C\C=C/C\C=C/C\C=C/C\C=C/C\C=C/CC;DQRKSTRYTLGRGJ-YVVDXQGONA-N;C44H70NO10P","826.46296","207.9982","826.463","641.454","619.4721","739.4309"
"MSDIAL_PS 38:9;[M+Na]+;CC\C=C/C\C=C/C\C=C/CCCCCC(=O)OCC(COP(O)(=O)OCC(N)C(O)=O)OC(=O)CC\C=C/C\C=C/C\C=C/C\C=C/C\C=C/C\C=C/CC;IFTPBFJMSQQUIN-HKGYJKGTNA-N;C44H68NO10P","824.44731","207.9982","824.4473","639.4384","617.4564","737.4153"
"MSDIAL_PS 39:0;[M+Na]+;CCCCCCCCCCCCCCCCCCCCCCCCCCC(=O)OC(COC(=O)CCCCCCCCCCC)COP(O)(=O)OCC(N)C(O)=O;YVFJCDXEASOXCO-UHFFFAOYNA-N;C45H88NO10P","856.60381","207.9982","856.6038","671.5949","649.6129","769.5718"
"MSDIAL_PS 39:1;[M+Na]+;CCCCCCCCCCCCC(=O)OCC(COP(O)(=O)OCC(N)C(O)=O)OC(=O)CCCCCCCCCCCCC\C=C/CCCCCCCCCC;QMOCXSGHBNFMEV-HNENSFHCNA-N;C45H86NO10P","854.58816","207.9982","854.5881","669.5792","647.5973","767.5562"
"MSDIAL_PS 39:2;[M+Na]+;CCCCCCCCCCCCC(=O)OCC(COP(O)(=O)OCC(N)C(O)=O)OC(=O)CCCCCCCCCCCCC\C=C/C\C=C/CCCCCCC;TWLRAPOYVBBAAT-GJLVVWLQNA-N;C45H84NO10P","852.57251","207.9982","852.5725","667.5636","645.5817","765.5405"
"MSDIAL_PS 39:3;[M+Na]+;CCCCCCC\C=C/C\C=C/CCCCCCCCCCCCCC(=O)OC(COC(=O)CCCCCCC\C=C/CCC)COP(O)(=O)OCC(N)C(O)=O;ILRSSTDHGPLONI-TZHWTMFMNA-N;C45H82NO10P","850.55686","207.9982","850.5569","665.5479","643.566","763.5248"
"MSDIAL_PS 39:4;[M+Na]+;CCCCCCCCCCCCC(=O)OCC(COP(O)(=O)OCC(N)C(O)=O)OC(=O)CCCCCCCCCCCC\C=C/C\C=C/C\C=C/C\C=C/CC;KNZNPLZRTYDPEC-WNXRHBFNNA-N;C45H80NO10P","848.54121","207.9982","848.5412","663.5323","641.5504","761.5092"
"MSDIAL_PS 39:5;[M+Na]+;CCC\C=C/CCCCCCCC(=O)OCC(COP(O)(=O)OCC(N)C(O)=O)OC(=O)CCCCCCCCCCCC\C=C/C\C=C/C\C=C/C\C=C/CC;FGYFTVMHIUSETH-VEXKFZTGNA-N;C45H78NO10P","846.52556","207.9982","846.5256","661.5167","639.5347","759.4935"
"MSDIAL_PS 39:6;[M+Na]+;CCCCCCCCCCCCCCCCC(=O)OCC(COP(O)(=O)OCC(N)C(O)=O)OC(=O)CC\C=C/C\C=C/C\C=C/C\C=C/C\C=C/C\C=C/CC;JDWLFPUFMDBHEL-KAFSZNKPNA-N;C45H76NO10P","844.50991","207.9982","844.5099","659.501","637.519","757.4779"
"MSDIAL_PS 39:7;[M+Na]+;CCCCCCC\C=C/CCCCCCCC(=O)OCC(COP(O)(=O)OCC(N)C(O)=O)OC(=O)CC\C=C/C\C=C/C\C=C/C\C=C/C\C=C/C\C=C/CC;VTWZEYWXBMBMRP-VFVAPGIQNA-N;C45H74NO10P","842.49426","207.9982","842.4943","657.4854","635.5034","755.4622"
"MSDIAL_PS 39:8;[M+Na]+;CCCC\C=C/C\C=C/CCCCCCCC(=O)OCC(COP(O)(=O)OCC(N)C(O)=O)OC(=O)CC\C=C/C\C=C/C\C=C/C\C=C/C\C=C/C\C=C/CC;WKYWXHXOTWZNBY-YJGRXKEDNA-N;C45H72NO10P","840.47861","207.9982","840.4786","655.4697","633.4877","753.4466"
"MSDIAL_PS 4:0;[M+Na]+;CC(=O)OCC(COP(O)(=O)OCC(N)C(O)=O)OC(C)=O;HAGZRCCJXLGJTR-UHFFFAOYNA-N;C10H18NO10P","366.05605","207.9982","366.0561","181.0471","159.0652","279.024"
"MSDIAL_PS 40:0;[M+Na]+;CCCCCCCCCCCCCCCCCCCCCCCCCCC(=O)OC(COC(=O)CCCCCCCCCCCC)COP(O)(=O)OCC(N)C(O)=O;ISYYJVPVCWYRRR-UHFFFAOYNA-N;C46H90NO10P","870.61946","207.9982","870.6194","685.6105","663.6286","783.5874"
"MSDIAL_PS 40:1;[M+Na]+;CCCCCCCCCCCCCCCCCCCCCCCCCCC(=O)OCC(COP(O)(=O)OCC(N)C(O)=O)OC(=O)CCCCCCC\C=C/CCC;BOBCBIJUJRNJLO-NTMALXAHNA-N;C46H88NO10P","868.60381","207.9982","868.6038","683.5949","661.6129","781.5718"
"MSDIAL_PS 40:10;[M+Na]+;CC\C=C/C\C=C/C\C=C/C\C=C/CCCCC(=O)OCC(COP(O)(=O)OCC(N)C(O)=O)OC(=O)CC\C=C/C\C=C/C\C=C/C\C=C/C\C=C/C\C=C/CC;FRTSBNHSXOMEMK-AGZKKTENNA-N;C46H70NO10P","850.46296","207.9982","850.463","665.454","643.4721","763.4309"
"MSDIAL_PS 40:11;[M+Na]+;CC\C=C/C\C=C/C\C=C/C\C=C/C\C=C/C\C=C/CCC(=O)OC(COC(=O)C\C=C/C\C=C/C\C=C/C\C=C/C\C=C/CC)COP(O)(=O)OCC(N)C(O)=O;ZLHGVYWAAMVJKT-CEHTXILFNA-N;C46H68NO10P","848.44731","207.9982","848.4473","663.4384","641.4564","761.4153"
"MSDIAL_PS 40:2;[M+Na]+;CCCCCCCCCCCCCC(=O)OCC(COP(O)(=O)OCC(N)C(O)=O)OC(=O)CCCCCCCCCCCCC\C=C/C\C=C/CCCCCCC;ZEGBJLHPZQLKEY-GJLVVWLQNA-N;C46H86NO10P","866.58816","207.9982","866.5881","681.5792","659.5973","779.5562"
"MSDIAL_PS 40:3;[M+Na]+;CCCCCCC\C=C/C\C=C/CCCCCCCCCCCCCC(=O)OC(COC(=O)CCCCCCC\C=C/CCCC)COP(O)(=O)OCC(N)C(O)=O;XGDYBGBFRCYIIQ-MLVGEXJWNA-N;C46H84NO10P","864.57251","207.9982","864.5725","679.5636","657.5817","777.5405"
"MSDIAL_PS 40:4;[M+Na]+;CCCCCCCCCCCCCC(=O)OCC(COP(O)(=O)OCC(N)C(O)=O)OC(=O)CCCCCCCCCCCC\C=C/C\C=C/C\C=C/C\C=C/CC;VHHIGUQBSLHAMR-WNXRHBFNNA-N;C46H82NO10P","862.55686","207.9982","862.5569","677.5479","655.566","775.5248"
"MSDIAL_PS 40:5;[M+Na]+;CCCC\C=C/CCCCCCCC(=O)OCC(COP(O)(=O)OCC(N)C(O)=O)OC(=O)CCCCCCCCCCCC\C=C/C\C=C/C\C=C/C\C=C/CC;DIJTYVWWYBMCRN-REJVNYKHNA-N;C46H80NO10P","860.54121","207.9982","860.5412","675.5323","653.5504","773.5092"
"MSDIAL_PS 40:6;[M+Na]+;CCC\C=C/C\C=C/CCCCCCCC(=O)OCC(COP(O)(=O)OCC(N)C(O)=O)OC(=O)CCCCCCCCCC\C=C/C\C=C/C\C=C/C\C=C/CC;XKGPGUWUJQTUBU-FEAYMNSJNA-N;C46H78NO10P","858.52556","207.9982","858.5256","673.5167","651.5347","771.4935"
"MSDIAL_PS 40:7;[M+Na]+;CC\C=C/C\C=C/C\C=C/CCCCCC(=O)OCC(COP(O)(=O)OCC(N)C(O)=O)OC(=O)CCCCCCCCCC\C=C/C\C=C/C\C=C/C\C=C/CC;VCZMKFUTORKWTI-JVDPZZEENA-N;C46H76NO10P","856.50991","207.9982","856.5099","671.501","649.519","769.4779"
"MSDIAL_PS 40:8;[M+Na]+;CC\C=C/C\C=C/C\C=C/C\C=C/CCCCCCCCCCC(=O)OC(COC(=O)CC\C=C/C\C=C/C\C=C/C\C=C/CC)COP(O)(=O)OCC(N)C(O)=O;UBBJETWJLSFPRE-BFZYJHCDNA-N;C46H74NO10P","854.49426","207.9982","854.4943","669.4854","647.5034","767.4622"
"MSDIAL_PS 40:9;[M+Na]+;CC\C=C/C\C=C/C\C=C/CCCCCCCC(=O)OCC(COP(O)(=O)OCC(N)C(O)=O)OC(=O)CC\C=C/C\C=C/C\C=C/C\C=C/C\C=C/C\C=C/CC;YMQXVTUOIKUZOT-YVAAUFMTNA-N;C46H72NO10P","852.47861","207.9982","852.4786","667.4697","645.4877","765.4466"
"MSDIAL_PS 41:0;[M+Na]+;CCCCCCCCCCCCCCCCCCCCCCCCCCC(=O)OC(COC(=O)CCCCCCCCCCCCC)COP(O)(=O)OCC(N)C(O)=O;VFCYZWUMPHPWMQ-UHFFFAOYNA-N;C47H92NO10P","884.63511","207.9982","884.6351","699.6262","677.6442","797.6031"
"MSDIAL_PS 41:1;[M+Na]+;CCCCCCCCCCCCCCCCCCCCCCCCCCC(=O)OCC(COP(O)(=O)OCC(N)C(O)=O)OC(=O)CCCCCCC\C=C/CCCC;LXCPIPFKFXGCNO-BENRWUELNA-N;C47H90NO10P","882.61946","207.9982","882.6194","697.6105","675.6286","795.5874"
"MSDIAL_PS 41:2;[M+Na]+;CCCCCCCCCCCCCCC(=O)OCC(COP(O)(=O)OCC(N)C(O)=O)OC(=O)CCCCCCCCCCCCC\C=C/C\C=C/CCCCCCC;IMQPAHMZUSJBOH-YVCOGYDTNA-N;C47H88NO10P","880.60381","207.9982","880.6038","695.5949","673.6129","793.5718"
"MSDIAL_PS 41:3;[M+Na]+;CCCCCCC\C=C/C\C=C/CCCCCCCCCCCCCC(=O)OC(COC(=O)CCCCCCC\C=C/CCCCC)COP(O)(=O)OCC(N)C(O)=O;DGXFDOWMSSRXRX-XXGSIDPLNA-N;C47H86NO10P","878.58816","207.9982","878.5881","693.5792","671.5973","791.5562"
"MSDIAL_PS 41:4;[M+Na]+;CCCCCCCCCCCCCCC(=O)OCC(COP(O)(=O)OCC(N)C(O)=O)OC(=O)CCCCCCCCCCCC\C=C/C\C=C/C\C=C/C\C=C/CC;ROZHSIXUVXMJIL-BHYOAKPMNA-N;C47H84NO10P","876.57251","207.9982","876.5725","691.5636","669.5817","789.5405"
"MSDIAL_PS 41:5;[M+Na]+;CCCCC\C=C/CCCCCCCC(=O)OCC(COP(O)(=O)OCC(N)C(O)=O)OC(=O)CCCCCCCCCCCC\C=C/C\C=C/C\C=C/C\C=C/CC;XRLDKAOEKIDTDL-BEBUWKJTNA-N;C47H82NO10P","874.55686","207.9982","874.5569","689.5479","667.566","787.5248"
"MSDIAL_PS 41:6;[M+Na]+;CCCC\C=C/C\C=C/CCCCCCCC(=O)OCC(COP(O)(=O)OCC(N)C(O)=O)OC(=O)CCCCCCCCCC\C=C/C\C=C/C\C=C/C\C=C/CC;AFUZOUBQIRVWQT-NFYCTIBJNA-N;C47H80NO10P","872.54121","207.9982","872.5412","687.5323","665.5504","785.5092"
"MSDIAL_PS 41:7;[M+Na]+;CCCCCCCCC\C=C/CCCCCCCC(=O)OCC(COP(O)(=O)OCC(N)C(O)=O)OC(=O)CC\C=C/C\C=C/C\C=C/C\C=C/C\C=C/C\C=C/CC;NVXGQVRJRSRPBJ-XPKLYHLONA-N;C47H78NO10P","870.52556","207.9982","870.5256","685.5167","663.5347","783.4935"
"MSDIAL_PS 41:8;[M+Na]+;CCCCCC\C=C/C\C=C/CCCCCCCC(=O)OCC(COP(O)(=O)OCC(N)C(O)=O)OC(=O)CC\C=C/C\C=C/C\C=C/C\C=C/C\C=C/C\C=C/CC;KMOQAYJNSZQMJN-CMHXADBNNA-N;C47H76NO10P","868.50991","207.9982","868.5099","683.501","661.519","781.4779"
"MSDIAL_PS 42:0;[M+Na]+;CCCCCCCCCCCCCCCCCCCCCCCCCCC(=O)OC(COC(=O)CCCCCCCCCCCCCC)COP(O)(=O)OCC(N)C(O)=O;IFUXBETYQNRBRJ-UHFFFAOYNA-N;C48H94NO10P","898.65076","207.9982","898.6508","713.6418","691.6599","811.6187"
"MSDIAL_PS 42:1;[M+Na]+;CCCCCCCCCCCCCCCCCCCCCCCCCCC(=O)OCC(COP(O)(=O)OCC(N)C(O)=O)OC(=O)CCCCCCC\C=C/CCCCC;AYKZHWQCRQJYFJ-OWBHPGMINA-N;C48H92NO10P","896.63511","207.9982","896.6351","711.6262","689.6442","809.6031"
"MSDIAL_PS 42:10;[M+Na]+;CC\C=C/C\C=C/C\C=C/C\C=C/CCCCCCC(=O)OCC(COP(O)(=O)OCC(N)C(O)=O)OC(=O)CC\C=C/C\C=C/C\C=C/C\C=C/C\C=C/C\C=C/CC;WXLDEVYPZQFZLE-GGLIIMCGNA-N;C48H74NO10P","878.49426","207.9982","878.4943","693.4854","671.5034","791.4622"
"MSDIAL_PS 42:11;[M+Na]+;CC\C=C/C\C=C/C\C=C/C\C=C/C\C=C/CCCC(=O)OCC(COP(O)(=O)OCC(N)C(O)=O)OC(=O)CC\C=C/C\C=C/C\C=C/C\C=C/C\C=C/C\C=C/CC;FXAPNONAJBPVKA-UYABLQOYNA-N;C48H72NO10P","876.47861","207.9982","876.4786","691.4697","669.4877","789.4466"
"MSDIAL_PS 42:2;[M+Na]+;CCCCCCCCCCCCCCCC(=O)OCC(COP(O)(=O)OCC(N)C(O)=O)OC(=O)CCCCCCCCCCCCC\C=C/C\C=C/CCCCCCC;BMFYHVFJOBLILP-YVCOGYDTNA-N;C48H90NO10P","894.61946","207.9982","894.6194","709.6105","687.6286","807.5874"
"MSDIAL_PS 42:3;[M+Na]+;CCCCCCC\C=C/C\C=C/CCCCCCCCCCCCCC(=O)OC(COC(=O)CCCCCCC\C=C/CCCCCC)COP(O)(=O)OCC(N)C(O)=O;IGARSWKCBAKYMX-PMTUPECQNA-N;C48H88NO10P","892.60381","207.9982","892.6038","707.5949","685.6129","805.5718"
"MSDIAL_PS 42:4;[M+Na]+;CCCCCCCCCCCCCCCC(=O)OCC(COP(O)(=O)OCC(N)C(O)=O)OC(=O)CCCCCCCCCCCC\C=C/C\C=C/C\C=C/C\C=C/CC;MVJKUXYQSPJPBT-BHYOAKPMNA-N;C48H86NO10P","890.58816","207.9982","890.5881","705.5792","683.5973","803.5562"
"MSDIAL_PS 42:5;[M+Na]+;CCCCCC\C=C/CCCCCCCC(=O)OCC(COP(O)(=O)OCC(N)C(O)=O)OC(=O)CCCCCCCCCCCC\C=C/C\C=C/C\C=C/C\C=C/CC;SHXHVYDRWSSJFJ-XNLOIIFBNA-N;C48H84NO10P","888.57251","207.9982","888.5725","703.5636","681.5817","801.5405"
"MSDIAL_PS 42:6;[M+Na]+;CCC\C=C/C\C=C/CCCCCCCC(=O)OCC(COP(O)(=O)OCC(N)C(O)=O)OC(=O)CCCCCCCCCCCC\C=C/C\C=C/C\C=C/C\C=C/CC;UIYPZYBSMFVSHZ-FEAYMNSJNA-N;C48H82NO10P","886.55686","207.9982","886.5569","701.5479","679.566","799.5248"
"MSDIAL_PS 42:7;[M+Na]+;CC\C=C/C\C=C/C\C=C/CCCCCC(=O)OCC(COP(O)(=O)OCC(N)C(O)=O)OC(=O)CCCCCCCCCCCC\C=C/C\C=C/C\C=C/C\C=C/CC;VPXJANAGNOFMJV-PDRHVHDINA-N;C48H80NO10P","884.54121","207.9982","884.5412","699.5323","677.5504","797.5092"
"MSDIAL_PS 42:8;[M+Na]+;CC\C=C/C\C=C/C\C=C/C\C=C/CCCCCCCCCCCCC(=O)OC(COC(=O)CC\C=C/C\C=C/C\C=C/C\C=C/CC)COP(O)(=O)OCC(N)C(O)=O;LCAIZTAEQNDETO-FVPQCFPONA-N;C48H78NO10P","882.52556","207.9982","882.5256","697.5167","675.5347","795.4935"
"MSDIAL_PS 42:9;[M+Na]+;CC\C=C/C\C=C/C\C=C/C\C=C/CCCCCCCCCCC(=O)OCC(COP(O)(=O)OCC(N)C(O)=O)OC(=O)C\C=C/C\C=C/C\C=C/C\C=C/C\C=C/CC;ZHVIZZQYTZGYDL-KBKFRTLONA-N;C48H76NO10P","880.50991","207.9982","880.5099","695.501","673.519","793.4779"
"MSDIAL_PS 43:0;[M+Na]+;CCCCCCCCCCCCCCCCCCCCCCCCCCC(=O)OC(COC(=O)CCCCCCCCCCCCCCC)COP(O)(=O)OCC(N)C(O)=O;NWJUAQQEUAOHGY-UHFFFAOYNA-N;C49H96NO10P","912.66641","207.9982","912.6664","727.6575","705.6755","825.6344"
"MSDIAL_PS 43:1;[M+Na]+;CCCCCCCCCCCCCCCCCCCCCCCCCCC(=O)OCC(COP(O)(=O)OCC(N)C(O)=O)OC(=O)CCCCCCC\C=C/CCCCCC;XLFBKCAJPPWSDF-PEZBUJJGNA-N;C49H94NO10P","910.65076","207.9982","910.6508","725.6418","703.6599","823.6187"
"MSDIAL_PS 43:2;[M+Na]+;CCCCCCCCCCCCCCCCCCCCCCCCCCC(=O)OCC(COP(O)(=O)OCC(N)C(O)=O)OC(=O)CCCCCCC\C=C/C\C=C/CCC;WTGYHRGGQWISNU-UDJAPEQQNA-N;C49H92NO10P","908.63511","207.9982","908.6351","723.6262","701.6442","821.6031"
"MSDIAL_PS 43:3;[M+Na]+;CCCCCCCCCCCCCCCCCCCCCCCCCCC(=O)OCC(COP(O)(=O)OCC(N)C(O)=O)OC(=O)CCCCC\C=C/C\C=C/C\C=C/CC;KYPYOTPHBJCMLA-NMYGLTSYNA-N;C49H90NO10P","906.61946","207.9982","906.6194","721.6105","699.6286","819.5874"
"MSDIAL_PS 43:4;[M+Na]+;CCCCCCCCCCCCCCCCCCCCCCCCCCC(=O)OCC(COP(O)(=O)OCC(N)C(O)=O)OC(=O)CC\C=C/C\C=C/C\C=C/C\C=C/CC;HBIMJVGQCNSEDI-SBLQEBRMNA-N;C49H88NO10P","904.60381","207.9982","904.6038","719.5949","697.6129","817.5718"
"MSDIAL_PS 43:5;[M+Na]+;CCCCCCC\C=C/CCCCCCCC(=O)OCC(COP(O)(=O)OCC(N)C(O)=O)OC(=O)CCCCCCCCCCCC\C=C/C\C=C/C\C=C/C\C=C/CC;CVDSQAXOCJLJFC-WCLBDTPLNA-N;C49H86NO10P","902.58816","207.9982","902.5881","717.5792","695.5973","815.5562"
"MSDIAL_PS 43:6;[M+Na]+;CCCC\C=C/C\C=C/CCCCCCCC(=O)OCC(COP(O)(=O)OCC(N)C(O)=O)OC(=O)CCCCCCCCCCCC\C=C/C\C=C/C\C=C/C\C=C/CC;MTDHDNNAVXELJT-NFYCTIBJNA-N;C49H84NO10P","900.57251","207.9982","900.5725","715.5636","693.5817","813.5405"
"MSDIAL_PS 43:7;[M+Na]+;CCCCCCCCC\C=C/CCCCCCCCCC(=O)OCC(COP(O)(=O)OCC(N)C(O)=O)OC(=O)CC\C=C/C\C=C/C\C=C/C\C=C/C\C=C/C\C=C/CC;UAZUULOUTQCFBW-RNIDQXGHNA-N;C49H82NO10P","898.55686","207.9982","898.5569","713.5479","691.566","811.5248"
"MSDIAL_PS 43:8;[M+Na]+;CCCCCC\C=C/C\C=C/CCCCCCCCCC(=O)OCC(COP(O)(=O)OCC(N)C(O)=O)OC(=O)CC\C=C/C\C=C/C\C=C/C\C=C/C\C=C/C\C=C/CC;MFHNITURACZONR-OILYOBQENA-N;C49H80NO10P","896.54121","207.9982","896.5412","711.5323","689.5504","809.5092"
"MSDIAL_PS 44:0;[M+Na]+;CCCCCCCCCCCCCCCCCCCCCCCCCCC(=O)OC(COC(=O)CCCCCCCCCCCCCCCC)COP(O)(=O)OCC(N)C(O)=O;FOZBGHXEYACECU-UHFFFAOYNA-N;C50H98NO10P","926.68206","207.9982","926.6821","741.6732","719.6912","839.65"
"MSDIAL_PS 44:1;[M+Na]+;CCCCCCCCCCCCCCCCCCCCCCCCCCC(=O)OCC(COP(O)(=O)OCC(N)C(O)=O)OC(=O)CCCCCCC\C=C/CCCCCCC;ATKIRGGXLJVGOX-VLGSPTGONA-N;C50H96NO10P","924.66641","207.9982","924.6664","739.6575","717.6755","837.6344"
"MSDIAL_PS 44:10;[M+Na]+;CC\C=C/C\C=C/C\C=C/C\C=C/CCCCCCCCC(=O)OCC(COP(O)(=O)OCC(N)C(O)=O)OC(=O)CC\C=C/C\C=C/C\C=C/C\C=C/C\C=C/C\C=C/CC;SGPPUXRZKLCLEO-GCLSJWDWNA-N;C50H78NO10P","906.52556","207.9982","906.5256","721.5167","699.5347","819.4935"
"MSDIAL_PS 44:11;[M+Na]+;CC\C=C/C\C=C/C\C=C/C\C=C/C\C=C/CCCCCC(=O)OCC(COP(O)(=O)OCC(N)C(O)=O)OC(=O)CC\C=C/C\C=C/C\C=C/C\C=C/C\C=C/C\C=C/CC;LIHIQTWQKAGRIH-SUDBCHAPNA-N;C50H76NO10P","904.50991","207.9982","904.5099","719.501","697.519","817.4779"
"MSDIAL_PS 44:12;[M+Na]+;CC\C=C/C\C=C/C\C=C/C\C=C/C\C=C/C\C=C/CCC(=O)OCC(COP(O)(=O)OCC(N)C(O)=O)OC(=O)CC\C=C/C\C=C/C\C=C/C\C=C/C\C=C/C\C=C/CC;RJCZACBLQGCNCW-GZSOIYOPNA-N;C50H74NO10P","902.49426","207.9982","902.4943","717.4854","695.5034","815.4622"
"MSDIAL_PS 44:2;[M+Na]+;CCCCCCCCCCCCCCCCCCCCCCCCCCC(=O)OCC(COP(O)(=O)OCC(N)C(O)=O)OC(=O)CCCCCCC\C=C/C\C=C/CCCC;ZDFCZHCLVNSMCC-XOMYGGGSNA-N;C50H94NO10P","922.65076","207.9982","922.6508","737.6418","715.6599","835.6187"
"MSDIAL_PS 44:3;[M+Na]+;CCCCCCCC\C=C/CCCCCCCC(=O)OCC(COP(O)(=O)OCC(N)C(O)=O)OC(=O)CCCCCCCCCCCCC\C=C/C\C=C/CCCCCCC;WMZRJHMZOAOCQC-IINMVKDTNA-N;C50H92NO10P","920.63511","207.9982","920.6351","735.6262","713.6442","833.6031"
"MSDIAL_PS 44:4;[M+Na]+;CCCCCCCCCCCCCCCCCC(=O)OCC(COP(O)(=O)OCC(N)C(O)=O)OC(=O)CCCCCCCCCCCC\C=C/C\C=C/C\C=C/C\C=C/CC;WTDRXSODOMNITM-PYQGTGCGNA-N;C50H90NO10P","918.61946","207.9982","918.6194","733.6105","711.6286","831.5874"
"MSDIAL_PS 44:5;[M+Na]+;CCCCCCCC\C=C/CCCCCCCC(=O)OCC(COP(O)(=O)OCC(N)C(O)=O)OC(=O)CCCCCCCCCCCC\C=C/C\C=C/C\C=C/C\C=C/CC;DCWIIJBZHYRQIY-YVZZUZBSNA-N;C50H88NO10P","916.60381","207.9982","916.6038","731.5949","709.6129","829.5718"
"MSDIAL_PS 44:6;[M+Na]+;CCCCC\C=C/C\C=C/CCCCCCCC(=O)OCC(COP(O)(=O)OCC(N)C(O)=O)OC(=O)CCCCCCCCCCCC\C=C/C\C=C/C\C=C/C\C=C/CC;IDRNRZRDPQFQCW-XRPNRKHUNA-N;C50H86NO10P","914.58816","207.9982","914.5881","729.5792","707.5973","827.5562"
"MSDIAL_PS 44:7;[M+Na]+;CC\C=C/C\C=C/C\C=C/CCCCCCCC(=O)OCC(COP(O)(=O)OCC(N)C(O)=O)OC(=O)CCCCCCCCCCCC\C=C/C\C=C/C\C=C/C\C=C/CC;BARXPBSLBATTQR-GDSSCVJVNA-N;C50H84NO10P","912.57251","207.9982","912.5725","727.5636","705.5817","825.5405"
"MSDIAL_PS 44:8;[M+Na]+;CC\C=C/C\C=C/C\C=C/C\C=C/CCCCCCCCCCCCC(=O)OC(COC(=O)CCCC\C=C/C\C=C/C\C=C/C\C=C/CC)COP(O)(=O)OCC(N)C(O)=O;XWESKEZLUWXFLU-SEBNLYMCNA-N;C50H82NO10P","910.55686","207.9982","910.5569","725.5479","703.566","823.5248"
"MSDIAL_PS 44:9;[M+Na]+;CC\C=C/C\C=C/C\C=C/C\C=C/CCCCCCCCCCCCC(=O)OCC(COP(O)(=O)OCC(N)C(O)=O)OC(=O)C\C=C/C\C=C/C\C=C/C\C=C/C\C=C/CC;VIEKYCJOWHSYMG-QXSAZVAENA-N;C50H80NO10P","908.54121","207.9982","908.5412","723.5323","701.5504","821.5092"
"MSDIAL_PS 45:0;[M+Na]+;CCCCCCCCCCCCCCCCCCCCCCCCCCC(=O)OC(COC(=O)CCCCCCCCCCCCCCCCC)COP(O)(=O)OCC(N)C(O)=O;FRIXLVUDBKMAPH-UHFFFAOYNA-N;C51H100NO10P","940.69771","207.9982","940.6977","755.6888","733.7068","853.6657"
"MSDIAL_PS 45:1;[M+Na]+;CCCCCCCCCCCCCCCCCCCCCCCCCCC(=O)OCC(COP(O)(=O)OCC(N)C(O)=O)OC(=O)CCCCCCC\C=C/CCCCCCCC;MIZFZFOLCHSKIW-VEILYXNENA-N;C51H98NO10P","938.68206","207.9982","938.6821","753.6732","731.6912","851.65"
"MSDIAL_PS 45:2;[M+Na]+;CCCCCCCCCCCCCCCCCCCCCCCCCCC(=O)OCC(COP(O)(=O)OCC(N)C(O)=O)OC(=O)CCCCCCC\C=C/C\C=C/CCCCC;LMJFYMNLOPEERG-HYMAPEAXNA-N;C51H96NO10P","936.66641","207.9982","936.6664","751.6575","729.6755","849.6344"
"MSDIAL_PS 45:3;[M+Na]+;CCCCCCCCCCCCCCCCCCCCCCCCCCC(=O)OCC(COP(O)(=O)OCC(N)C(O)=O)OC(=O)CCCCCCC\C=C/C\C=C/C\C=C/CC;YIQDZKVTZAAEAN-LHHUNZRPNA-N;C51H94NO10P","934.65076","207.9982","934.6508","749.6418","727.6599","847.6187"
"MSDIAL_PS 45:4;[M+Na]+;CCCCCCCCCCCCCCCCCCCCCCCCCCC(=O)OCC(COP(O)(=O)OCC(N)C(O)=O)OC(=O)CCCC\C=C/C\C=C/C\C=C/C\C=C/CC;BIQJSGOUJNMVPP-WEPVGQMRNA-N;C51H92NO10P","932.63511","207.9982","932.6351","747.6262","725.6442","845.6031"
"MSDIAL_PS 45:5;[M+Na]+;CCCCCCCCCCCCCCCCCCCCCCCCCCC(=O)OCC(COP(O)(=O)OCC(N)C(O)=O)OC(=O)C\C=C/C\C=C/C\C=C/C\C=C/C\C=C/CC;SZLSWXBZNKMCMT-OUMOKLQZNA-N;C51H90NO10P","930.61946","207.9982","930.6194","745.6105","723.6286","843.5874"
"MSDIAL_PS 45:6;[M+Na]+;CCCCCC\C=C/C\C=C/CCCCCCCC(=O)OCC(COP(O)(=O)OCC(N)C(O)=O)OC(=O)CCCCCCCCCCCC\C=C/C\C=C/C\C=C/C\C=C/CC;OPGNSZUXLLZRJL-UPASBRHPNA-N;C51H88NO10P","928.60381","207.9982","928.6038","743.5949","721.6129","841.5718"
"MSDIAL_PS 46:0;[M+Na]+;CCCCCCCCCCCCCCCCCCCCCCCCCCC(=O)OC(COC(=O)CCCCCCCCCCCCCCCCCC)COP(O)(=O)OCC(N)C(O)=O;AYJNRZCKUFUHFR-UHFFFAOYNA-N;C52H102NO10P","954.71336","207.9982","954.7134","769.7045","747.7225","867.6813"
"MSDIAL_PS 46:1;[M+Na]+;CCCCCCCCCCCCCCCCCCCCCCCCCCC(=O)OCC(COP(O)(=O)OCC(N)C(O)=O)OC(=O)CCCCCCC\C=C/CCCCCCCCC;BZBRBKMNOPDFOZ-BRPDVVIDNA-N;C52H100NO10P","952.69771","207.9982","952.6977","767.6888","745.7068","865.6657"
"MSDIAL_PS 46:10;[M+Na]+;CC\C=C/C\C=C/C\C=C/C\C=C/CCCCCCCCCCC(=O)OCC(COP(O)(=O)OCC(N)C(O)=O)OC(=O)CC\C=C/C\C=C/C\C=C/C\C=C/C\C=C/C\C=C/CC;LIDDSJLWWSSNRI-YUVAERKUNA-N;C52H82NO10P","934.55686","207.9982","934.5569","749.5479","727.566","847.5248"
"MSDIAL_PS 46:2;[M+Na]+;CCCCCCCCCCCCCCCCCCCCCCCCCCC(=O)OCC(COP(O)(=O)OCC(N)C(O)=O)OC(=O)CCCCCCC\C=C/C\C=C/CCCCCC;VTZBZECEBLZZPB-OQSZEVFMNA-N;C52H98NO10P","950.68206","207.9982","950.6821","765.6732","743.6912","863.65"
"MSDIAL_PS 46:3;[M+Na]+;CCCCCCCC\C=C/CCCCCCCCCC(=O)OCC(COP(O)(=O)OCC(N)C(O)=O)OC(=O)CCCCCCCCCCCCC\C=C/C\C=C/CCCCCCC;HFYPTMYLPNRIIB-ZAFPMACDNA-N;C52H96NO10P","948.66641","207.9982","948.6664","763.6575","741.6755","861.6344"
"MSDIAL_PS 46:4;[M+Na]+;CCCCCCCCCCCCCCCCCCCC(=O)OCC(COP(O)(=O)OCC(N)C(O)=O)OC(=O)CCCCCCCCCCCC\C=C/C\C=C/C\C=C/C\C=C/CC;YPDKMWIQKYPQLV-YZVDMUQZNA-N;C52H94NO10P","946.65076","207.9982","946.6508","761.6418","739.6599","859.6187"
"MSDIAL_PS 46:5;[M+Na]+;CCCCCCCC\C=C/CCCCCCCCCC(=O)OCC(COP(O)(=O)OCC(N)C(O)=O)OC(=O)CCCCCCCCCCCC\C=C/C\C=C/C\C=C/C\C=C/CC;SRPJRZHBKSDPHL-GAXXYEEVNA-N;C52H92NO10P","944.63511","207.9982","944.6351","759.6262","737.6442","857.6031"
"MSDIAL_PS 46:6;[M+Na]+;CCCCC\C=C/C\C=C/CCCCCCCCCC(=O)OCC(COP(O)(=O)OCC(N)C(O)=O)OC(=O)CCCCCCCCCCCC\C=C/C\C=C/C\C=C/C\C=C/CC;RDAKREOMHJRYON-DYTQRSFTNA-N;C52H90NO10P","942.61946","207.9982","942.6194","757.6105","735.6286","855.5874"
"MSDIAL_PS 46:7;[M+Na]+;CC\C=C/C\C=C/C\C=C/CCCCCCCCCC(=O)OCC(COP(O)(=O)OCC(N)C(O)=O)OC(=O)CCCCCCCCCCCC\C=C/C\C=C/C\C=C/C\C=C/CC;AGZBZUIDGSVWQR-VNFIBVKGNA-N;C52H88NO10P","940.60381","207.9982","940.6038","755.5949","733.6129","853.5718"
"MSDIAL_PS 46:8;[M+Na]+;CC\C=C/C\C=C/C\C=C/C\C=C/CCCCCCCCCCCCC(=O)OC(COC(=O)CCCCCC\C=C/C\C=C/C\C=C/C\C=C/CC)COP(O)(=O)OCC(N)C(O)=O;DCHZGRQCTSJRMM-IUWNYUPNNA-N;C52H86NO10P","938.58816","207.9982","938.5881","753.5792","731.5973","851.5562"
"MSDIAL_PS 46:9;[M+Na]+;CC\C=C/C\C=C/C\C=C/C\C=C/CCCCCCCCCCCCC(=O)OCC(COP(O)(=O)OCC(N)C(O)=O)OC(=O)CCC\C=C/C\C=C/C\C=C/C\C=C/C\C=C/CC;RZHMSIFWXFZRNW-HRWZYIBINA-N;C52H84NO10P","936.57251","207.9982","936.5725","751.5636","729.5817","849.5405"
"MSDIAL_PS 47:0;[M+Na]+;CCCCCCCCCCCCCCCCCCCCCCCCCCC(=O)OC(COC(=O)CCCCCCCCCCCCCCCCCCC)COP(O)(=O)OCC(N)C(O)=O;UWYLAIKVTDCHIH-UHFFFAOYNA-N;C53H104NO10P","968.72901","207.9982","968.729","783.7201","761.7382","881.697"
"MSDIAL_PS 47:1;[M+Na]+;CCCCCCCCCCCCCCCCCCCCCCCCCCC(=O)OCC(COP(O)(=O)OCC(N)C(O)=O)OC(=O)CCCCCCCCC\C=C/CCCCCCCC;GZYMGIXRAGSHJX-ZZEZOPTANA-N;C53H102NO10P","966.71336","207.9982","966.7134","781.7045","759.7225","879.6813"
"MSDIAL_PS 47:2;[M+Na]+;CCCCCCCCCCCCCCCCCCCCCCCCCCC(=O)OCC(COP(O)(=O)OCC(N)C(O)=O)OC(=O)CCCCCCCCC\C=C/C\C=C/CCCCC;MSVMXTUISURLCE-MLWYYCKJNA-N;C53H100NO10P","964.69771","207.9982","964.6977","779.6888","757.7068","877.6657"
"MSDIAL_PS 47:3;[M+Na]+;CCCCCCCCCCCCCCCCCCCCCCCCCCC(=O)OCC(COP(O)(=O)OCC(N)C(O)=O)OC(=O)CCCCCCCCC\C=C/C\C=C/C\C=C/CC;LQQZDXQOKQFDPN-HLMRNWPHNA-N;C53H98NO10P","962.68206","207.9982","962.6821","777.6732","755.6912","875.65"
"MSDIAL_PS 47:4;[M+Na]+;CCCCCCCCCCCCCCCCCCCCCCCCCCC(=O)OCC(COP(O)(=O)OCC(N)C(O)=O)OC(=O)CCCCCC\C=C/C\C=C/C\C=C/C\C=C/CC;FLBJVUUMEVPKHT-LIQPCHRXNA-N;C53H96NO10P","960.66641","207.9982","960.6664","775.6575","753.6755","873.6344"
"MSDIAL_PS 47:5;[M+Na]+;CCCCCCCCCCCCCCCCCCCCCCCCCCC(=O)OCC(COP(O)(=O)OCC(N)C(O)=O)OC(=O)CCC\C=C/C\C=C/C\C=C/C\C=C/C\C=C/CC;VSOKDLUSQLLODC-RJEVDAELNA-N;C53H94NO10P","958.65076","207.9982","958.6508","773.6418","751.6599","871.6187"
"MSDIAL_PS 47:6;[M+Na]+;CCCCCC\C=C/C\C=C/CCCCCCCCCC(=O)OCC(COP(O)(=O)OCC(N)C(O)=O)OC(=O)CCCCCCCCCCCC\C=C/C\C=C/C\C=C/C\C=C/CC;HILQTIXGTJSBKJ-TZMOUAQLNA-N;C53H92NO10P","956.63511","207.9982","956.6351","771.6262","749.6442","869.6031"
"MSDIAL_PS 48:0;[M+Na]+;CCCCCCCCCCCCCCCCCCCCCCCCCCC(=O)OC(COC(=O)CCCCCCCCCCCCCCCCCCCC)COP(O)(=O)OCC(N)C(O)=O;CADKKILSRXMRKK-UHFFFAOYNA-N;C54H106NO10P","982.74466","207.9982","982.7447","797.7357","775.7538","895.7126"
"MSDIAL_PS 48:1;[M+Na]+;CCCCCCCCCCCCCCCCCCCCCCCCCCC(=O)OCC(COP(O)(=O)OCC(N)C(O)=O)OC(=O)CCCCCCCCC\C=C/CCCCCCCCC;JXBSNSFJGJYGNW-XDOYNYLZNA-N;C54H104NO10P","980.72901","207.9982","980.729","795.7201","773.7382","893.697"
"MSDIAL_PS 48:10;[M+Na]+;CC\C=C/C\C=C/C\C=C/C\C=C/CCCCCCCCCCCCC(=O)OCC(COP(O)(=O)OCC(N)C(O)=O)OC(=O)CC\C=C/C\C=C/C\C=C/C\C=C/C\C=C/C\C=C/CC;HUMAFQRFJLMVHQ-GYNFXLSWNA-N;C54H86NO10P","962.58816","207.9982","962.5881","777.5792","755.5973","875.5562"
"MSDIAL_PS 48:2;[M+Na]+;CCCCCCCCCCCCCCCCCCCCCCCCCCC(=O)OCC(COP(O)(=O)OCC(N)C(O)=O)OC(=O)CCCCCCCCC\C=C/C\C=C/CCCCCC;LAASUYHOWHUULU-DYMXKLMANA-N;C54H102NO10P","978.71336","207.9982","978.7134","793.7045","771.7225","891.6813"
"MSDIAL_PS 48:3;[M+Na]+;CCCCCCCC\C=C/CCCCCCCCCCCC(=O)OCC(COP(O)(=O)OCC(N)C(O)=O)OC(=O)CCCCCCCCCCCCC\C=C/C\C=C/CCCCCCC;AAHOZMIXRSFMDV-MEZUHZMLNA-N;C54H100NO10P","976.69771","207.9982","976.6977","791.6888","769.7068","889.6657"
"MSDIAL_PS 48:4;[M+Na]+;CCCCCCCCCCCCCCCCCCCCCC(=O)OCC(COP(O)(=O)OCC(N)C(O)=O)OC(=O)CCCCCCCCCCCC\C=C/C\C=C/C\C=C/C\C=C/CC;DIRBKKXXMBDWAP-GAVJZRLKNA-N;C54H98NO10P","974.68206","207.9982","974.6821","789.6732","767.6912","887.65"
"MSDIAL_PS 48:5;[M+Na]+;CCCCCCCC\C=C/CCCCCCCCCCCC(=O)OCC(COP(O)(=O)OCC(N)C(O)=O)OC(=O)CCCCCCCCCCCC\C=C/C\C=C/C\C=C/C\C=C/CC;URCUUFRPCVPXLH-NQMBTPPKNA-N;C54H96NO10P","972.66641","207.9982","972.6664","787.6575","765.6755","885.6344"
"MSDIAL_PS 48:6;[M+Na]+;CCCCC\C=C/C\C=C/CCCCCCCCCCCC(=O)OCC(COP(O)(=O)OCC(N)C(O)=O)OC(=O)CCCCCCCCCCCC\C=C/C\C=C/C\C=C/C\C=C/CC;QNQXUPWSAGSDDF-CAQSJGPRNA-N;C54H94NO10P","970.65076","207.9982","970.6508","785.6418","763.6599","883.6187"
"MSDIAL_PS 48:7;[M+Na]+;CCCCC\C=C/C\C=C/C\C=C/CCCCCCCCC(=O)OCC(COP(O)(=O)OCC(N)C(O)=O)OC(=O)CCCCCCCCCCCC\C=C/C\C=C/C\C=C/C\C=C/CC;FDWWTAKSCBUUSM-LPFZOFOBNA-N;C54H92NO10P","968.63511","207.9982","968.6351","783.6262","761.6442","881.6031"
"MSDIAL_PS 48:8;[M+Na]+;CC\C=C/C\C=C/C\C=C/C\C=C/CCCCCCCCCCCCC(=O)OC(COC(=O)CCCCCCCC\C=C/C\C=C/C\C=C/C\C=C/CC)COP(O)(=O)OCC(N)C(O)=O;FBIBZKYPOUACBB-PZKHCDNHNA-N;C54H90NO10P","966.61946","207.9982","966.6194","781.6105","759.6286","879.5874"
"MSDIAL_PS 48:9;[M+Na]+;CC\C=C/C\C=C/C\C=C/C\C=C/CCCCCCCCCCCCC(=O)OCC(COP(O)(=O)OCC(N)C(O)=O)OC(=O)CCCCC\C=C/C\C=C/C\C=C/C\C=C/C\C=C/CC;CKAAIGISXROYKU-LKOCNOBBNA-N;C54H88NO10P","964.60381","207.9982","964.6038","779.5949","757.6129","877.5718"
"MSDIAL_PS 49:0;[M+Na]+;CCCCCCCCCCCCCCCCCCCCCCCCCCC(=O)OC(COC(=O)CCCCCCCCCCCCCCCCCCCCC)COP(O)(=O)OCC(N)C(O)=O;LFNVMIJNTMVJNK-UHFFFAOYNA-N;C55H108NO10P","996.76031","207.9982","996.7603","811.7514","789.7695","909.7283"
"MSDIAL_PS 49:1;[M+Na]+;CCCCCCCCCCCCCCCCCCCCCCCCCCC(=O)OCC(COP(O)(=O)OCC(N)C(O)=O)OC(=O)CCCCCCCCCCC\C=C/CCCCCCCC;GCKVJBDMPNMISA-ZZEZOPTANA-N;C55H106NO10P","994.74466","207.9982","994.7447","809.7357","787.7538","907.7126"
"MSDIAL_PS 49:2;[M+Na]+;CCCCCCCCCCCCCCCCCCCCCCCCCCC(=O)OCC(COP(O)(=O)OCC(N)C(O)=O)OC(=O)CCCCCCCCCCC\C=C/C\C=C/CCCCC;NZVKSPOQAQCZLB-MLWYYCKJNA-N;C55H104NO10P","992.72901","207.9982","992.729","807.7201","785.7382","905.697"
"MSDIAL_PS 49:3;[M+Na]+;CCCCCCCCCCCCCCCCCCCCCCCCCCC(=O)OCC(COP(O)(=O)OCC(N)C(O)=O)OC(=O)CCCCCCCC\C=C/C\C=C/C\C=C/CCCCC;GEUUKUHYILTICC-VQSBKHFWNA-N;C55H102NO10P","990.71336","207.9982","990.7134","805.7045","783.7225","903.6813"
"MSDIAL_PS 49:4;[M+Na]+;CCCCCCCCCCCCCCCCCCCCCCCCCCC(=O)OCC(COP(O)(=O)OCC(N)C(O)=O)OC(=O)CCCCCCCC\C=C/C\C=C/C\C=C/C\C=C/CC;UGYLMBNUIAGWMX-XQEVRYHINA-N;C55H100NO10P","988.69771","207.9982","988.6977","803.6888","781.7068","901.6657"
"MSDIAL_PS 49:5;[M+Na]+;CCCCCCCCCCCCCCCCCCCCCCCCCCC(=O)OCC(COP(O)(=O)OCC(N)C(O)=O)OC(=O)CCCCC\C=C/C\C=C/C\C=C/C\C=C/C\C=C/CC;RBQZFVLNKNLPNK-LKBFKFFXNA-N;C55H98NO10P","986.68206","207.9982","986.6821","801.6732","779.6912","899.65"
"MSDIAL_PS 49:6;[M+Na]+;CCCCCCCCCCCCCCCCCCCCCCCCCCC(=O)OCC(COP(O)(=O)OCC(N)C(O)=O)OC(=O)CC\C=C/C\C=C/C\C=C/C\C=C/C\C=C/C\C=C/CC;GZVIHRQBSHXJHV-FKBGVHQGNA-N;C55H96NO10P","984.66641","207.9982","984.6664","799.6575","777.6755","897.6344"
"MSDIAL_PS 5:0;[M+Na]+;CCC(=O)OC(COC(C)=O)COP(O)(=O)OCC(N)C(O)=O;LZEYPKDVMFCPKP-UHFFFAOYNA-N;C11H20NO10P","380.07170","207.9982","380.0717","195.0628","173.0808","293.0397"
"MSDIAL_PS 50:0;[M+Na]+;CCCCCCCCCCCCCCCCCCCCCCCCCCC(=O)OC(COC(=O)CCCCCCCCCCCCCCCCCCCCCC)COP(O)(=O)OCC(N)C(O)=O;PUNANRLZGPPJGZ-UHFFFAOYNA-N;C56H110NO10P","1010.77596","207.9982","1010.776","825.767","803.7851","923.744"
"MSDIAL_PS 50:1;[M+Na]+;CCCCCCCCCCCCCCCCCCCCCCCC(=O)OCC(COP(O)(=O)OCC(N)C(O)=O)OC(=O)CCCCCCCCCCCCC\C=C/CCCCCCCCCC;FNBZJYQPQYWHOH-LNVKXUELNA-N;C56H108NO10P","1008.76031","207.9982","1008.76","823.7514","801.7695","921.7283"
"MSDIAL_PS 50:2;[M+Na]+;CCCCCCCCCCCCCCCCCCCCCCCC(=O)OCC(COP(O)(=O)OCC(N)C(O)=O)OC(=O)CCCCCCCCCCCCC\C=C/C\C=C/CCCCCCC;PUPLVBBRJQEHME-IUFKAHDJNA-N;C56H106NO10P","1006.74466","207.9982","1006.745","821.7357","799.7538","919.7126"
"MSDIAL_PS 50:3;[M+Na]+;CCCCCCCCCC\C=C/CCCCCCCCCCCC(=O)OCC(COP(O)(=O)OCC(N)C(O)=O)OC(=O)CCCCCCCCCCCCC\C=C/C\C=C/CCCCCCC;VEEPYTXFXWGRKS-IBEJZQOGNA-N;C56H104NO10P","1004.72901","207.9982","1004.729","819.7201","797.7382","917.697"
"MSDIAL_PS 50:4;[M+Na]+;CCCCCCCCCCCCCCCCCCCCCCCC(=O)OCC(COP(O)(=O)OCC(N)C(O)=O)OC(=O)CCCCCCCCCCCC\C=C/C\C=C/C\C=C/C\C=C/CC;ISVPTORLWUKYTR-PEDPXMNENA-N;C56H102NO10P","1002.71336","207.9982","1002.713","817.7045","795.7225","915.6813"
"MSDIAL_PS 50:5;[M+Na]+;CCCCCCCCCC\C=C/CCCCCCCCCCCC(=O)OCC(COP(O)(=O)OCC(N)C(O)=O)OC(=O)CCCCCCCCCCCC\C=C/C\C=C/C\C=C/C\C=C/CC;NYNOAKIKVATPJY-LBVSNMKYNA-N;C56H100NO10P","1000.69771","207.9982","1000.698","815.6888","793.7068","913.6657"
"MSDIAL_PS 50:6;[M+Na]+;CCCCCCC\C=C/C\C=C/CCCCCCCCCCCC(=O)OCC(COP(O)(=O)OCC(N)C(O)=O)OC(=O)CCCCCCCCCCCC\C=C/C\C=C/C\C=C/C\C=C/CC;YZIFBDSELJHHCG-WSXCIZDTNA-N;C56H98NO10P","998.68206","207.9982","998.6821","813.6732","791.6912","911.65"
"MSDIAL_PS 50:8;[M+Na]+;CC\C=C/C\C=C/C\C=C/C\C=C/CCCCCCCCCCCCC(=O)OC(COC(=O)CCCCCCCCCC\C=C/C\C=C/C\C=C/C\C=C/CC)COP(O)(=O)OCC(N)C(O)=O;FKDVKVYLGZEJPR-DRTFKUMWNA-N;C56H94NO10P","994.65076","207.9982","994.6508","809.6418","787.6599","907.6187"
"MSDIAL_PS 51:0;[M+Na]+;CCCCCCCCCCCCCCCCCCCCCCCCCCC(=O)OC(COC(=O)CCCCCCCCCCCCCCCCCCCCCCC)COP(O)(=O)OCC(N)C(O)=O;OAPAKOFKMSXDEM-UHFFFAOYNA-N;C57H112NO10P","1024.79161","207.9982","1024.792","839.7827","817.8007","937.7596"
"MSDIAL_PS 51:1;[M+Na]+;CCCCCCCCCCCCCCCCCCCCCCCCCCC(=O)OCC(COP(O)(=O)OCC(N)C(O)=O)OC(=O)CCCCCCCCCCC\C=C/CCCCCCCCCC;YIFVWSUJMRNUPH-GYHWCHFENA-N;C57H110NO10P","1022.77596","207.9982","1022.776","837.767","815.7851","935.744"
"MSDIAL_PS 51:2;[M+Na]+;CCCCCCCCCCCCCCCCCCCCCCCCCCC(=O)OCC(COP(O)(=O)OCC(N)C(O)=O)OC(=O)CCCCCCCCCCC\C=C/C\C=C/CCCCCCC;NMGUAIFESKXWAG-MYSACRKYNA-N;C57H108NO10P","1020.76031","207.9982","1020.76","835.7514","813.7695","933.7283"
"MSDIAL_PS 51:4;[M+Na]+;CCCCCCCCCCCCCCCCCCCCCCCCCCC(=O)OCC(COP(O)(=O)OCC(N)C(O)=O)OC(=O)CCCCCCCCCC\C=C/C\C=C/C\C=C/C\C=C/CC;WSWXLQHTRGVNKP-MAVMSJSYNA-N;C57H104NO10P","1016.72901","207.9982","1016.729","831.7201","809.7382","929.697"
"MSDIAL_PS 52:0;[M+Na]+;CCCCCCCCCCCCCCCCCCCCCCCCCCC(=O)OC(COC(=O)CCCCCCCCCCCCCCCCCCCCCCCC)COP(O)(=O)OCC(N)C(O)=O;ZOKFQXXDBOMWTQ-UHFFFAOYNA-N;C58H114NO10P","1038.80726","207.9982","1038.807","853.7983","831.8164","951.7752"
"MSDIAL_PS 52:1;[M+Na]+;CCCCCCCCCCCCCCCCCCCCCCCCCC(=O)OCC(COP(O)(=O)OCC(N)C(O)=O)OC(=O)CCCCCCCCCCCCC\C=C/CCCCCCCCCC;FJVBJAGXHKJLOB-GYHWCHFENA-N;C58H112NO10P","1036.79161","207.9982","1036.792","851.7827","829.8007","949.7596"
"MSDIAL_PS 52:2;[M+Na]+;CCCCCCCCCCCCCCCCCCCCCCCCCC(=O)OCC(COP(O)(=O)OCC(N)C(O)=O)OC(=O)CCCCCCCCCCCCC\C=C/C\C=C/CCCCCCC;DJJAFVGBTFEIMW-MYSACRKYNA-N;C58H110NO10P","1034.77596","207.9982","1034.776","849.767","827.7851","947.744"
"MSDIAL_PS 52:3;[M+Na]+;CCCCCCCCCC\C=C/CCCCCCCCCCCCCC(=O)OCC(COP(O)(=O)OCC(N)C(O)=O)OC(=O)CCCCCCCCCCCCC\C=C/C\C=C/CCCCCCC;XIIVDNXXBHGCDW-DTXVDQHXNA-N;C58H108NO10P","1032.76031","207.9982","1032.76","847.7514","825.7695","945.7283"
"MSDIAL_PS 52:4;[M+Na]+;CCCCCCCCCCCCCCCCCCCCCCCCCC(=O)OCC(COP(O)(=O)OCC(N)C(O)=O)OC(=O)CCCCCCCCCCCC\C=C/C\C=C/C\C=C/C\C=C/CC;XFZQVTLDRQQKQE-QLXZSTJSNA-N;C58H106NO10P","1030.74466","207.9982","1030.745","845.7357","823.7538","943.7126"
"MSDIAL_PS 52:5;[M+Na]+;CCCCCCCCCC\C=C/CCCCCCCCCCCCCC(=O)OCC(COP(O)(=O)OCC(N)C(O)=O)OC(=O)CCCCCCCCCCCC\C=C/C\C=C/C\C=C/C\C=C/CC;WJTQTAHBPIJWFD-RYMKGCMMNA-N;C58H104NO10P","1028.72901","207.9982","1028.729","843.7201","821.7382","941.697"
"MSDIAL_PS 52:6;[M+Na]+;CCCCCCC\C=C/C\C=C/CCCCCCCCCCCCCC(=O)OCC(COP(O)(=O)OCC(N)C(O)=O)OC(=O)CCCCCCCCCCCC\C=C/C\C=C/C\C=C/C\C=C/CC;RGBDKABTXDUBGA-NTPLJUKDNA-N;C58H102NO10P","1026.71336","207.9982","1026.713","841.7045","819.7225","939.6813"
"MSDIAL_PS 52:8;[M+Na]+;CC\C=C/C\C=C/C\C=C/C\C=C/CCCCCCCCCCCCC(=O)OCC(COP(O)(=O)OCC(N)C(O)=O)OC(=O)CCCCCCCCCCCC\C=C/C\C=C/C\C=C/C\C=C/CC;VUWLIJIHYFDCDH-CKKCRWTANA-N;C58H98NO10P","1022.68206","207.9982","1022.682","837.6732","815.6912","935.65"
"MSDIAL_PS 53:0;[M+Na]+;CCCCCCCCCCCCCCCCCCCCCCCCCCC(=O)OC(COC(=O)CCCCCCCCCCCCCCCCCCCCCCCCC)COP(O)(=O)OCC(N)C(O)=O;QLODNNSTQGDJCF-UHFFFAOYNA-N;C59H116NO10P","1052.82291","207.9982","1052.823","867.814","845.832","965.7909"
"MSDIAL_PS 53:1;[M+Na]+;CCCCCCCCCCCCCCCCCCCCCCCCCCC(=O)OCC(COP(O)(=O)OCC(N)C(O)=O)OC(=O)CCCCCCCCCCCCC\C=C/CCCCCCCCCC;SRBRDTAPHQDFFT-GYHWCHFENA-N;C59H114NO10P","1050.80726","207.9982","1050.807","865.7983","843.8164","963.7752"
"MSDIAL_PS 53:2;[M+Na]+;CCCCCCCCCCCCCCCCCCCCCCCCCCC(=O)OCC(COP(O)(=O)OCC(N)C(O)=O)OC(=O)CCCCCCCCCCCCC\C=C/C\C=C/CCCCCCC;KUZUNHYBZHWHAC-MYSACRKYNA-N;C59H112NO10P","1048.79161","207.9982","1048.792","863.7827","841.8007","961.7596"
"MSDIAL_PS 53:4;[M+Na]+;CCCCCCCCCCCCCCCCCCCCCCCCCCC(=O)OCC(COP(O)(=O)OCC(N)C(O)=O)OC(=O)CCCCCCCCCCCC\C=C/C\C=C/C\C=C/C\C=C/CC;WABHPQMYUKGPBN-QLXZSTJSNA-N;C59H108NO10P","1044.76031","207.9982","1044.76","859.7514","837.7695","957.7283"
"MSDIAL_PS 54:0;[M+Na]+;CCCCCCCCCCCCCCCCCCCCCCCCCCC(=O)OCC(COP(O)(=O)OCC(N)C(O)=O)OC(=O)CCCCCCCCCCCCCCCCCCCCCCCCCC;IDFHGCPTHCURDN-UHFFFAOYNA-N;C60H118NO10P","1066.83856","207.9982","1066.839","881.8297","859.8477","979.8065"
"MSDIAL_PS 6:0;[M+Na]+;CCCC(=O)OC(COC(C)=O)COP(O)(=O)OCC(N)C(O)=O;UHXKITQJBWRPHK-UHFFFAOYNA-N;C12H22NO10P","394.08735","207.9982","394.0873","209.0784","187.0965","307.0553"
"MSDIAL_PS 7:0;[M+Na]+;CCCCC(=O)OC(COC(C)=O)COP(O)(=O)OCC(N)C(O)=O;LCDZLQIUVGAVOL-UHFFFAOYNA-N;C13H24NO10P","408.10300","207.9982","408.103","223.0941","201.1121","321.071"
"MSDIAL_PS 8:0;[M+Na]+;CCCCCC(=O)OC(COC(C)=O)COP(O)(=O)OCC(N)C(O)=O;NQAVLPYFBOVWRN-UHFFFAOYNA-N;C14H26NO10P","422.11865","207.9982","422.1187","237.1097","215.1278","335.0866"
"MSDIAL_PS 9:0;[M+Na]+;CCCCCCC(=O)OC(COC(C)=O)COP(O)(=O)OCC(N)C(O)=O;UTYNSCZUHGDJGE-UHFFFAOYNA-N;C15H28NO10P","436.13430","207.9982","436.1343","251.1254","229.1434","349.1023"
