"MSDIAL_TDCAE","[M-H]-","1","2","3"
"MSDIAL_ST 24:1;O4;T/8:0;[M-H]-;CCCCCCCC(=O)OC1CCC2(C)C(CCC3C4CCC(C(C)CCC(O)=NCCS(O)(=O)=O)C4(C)C(O)CC23)C1;REYWYQAURDZMDO-UHFFFAOYNA-N;C34H59NO7S","624.39395","624.3939","143.1078","480.2789"
"MSDIAL_ST 24:1;O4;T/9:0;[M-H]-;CCCCCCCCC(=O)OC1CCC2(C)C(CCC3C4CCC(C(C)CCC(O)=NCCS(O)(=O)=O)C4(C)C(O)CC23)C1;DHWDMMLDOFLUMB-UHFFFAOYNA-N;C35H61NO7S","638.40960","638.4096","157.1234","480.2789"
"MSDIAL_ST 24:1;O4;T/10:0;[M-H]-;CCCCCCCCCC(=O)OC1CCC2(C)C(CCC3C4CCC(C(C)CCC(O)=NCCS(O)(=O)=O)C4(C)C(O)CC23)C1;XKHTXKQDAHXTAT-UHFFFAOYNA-N;C36H63NO7S","652.42525","652.4252","171.1391","480.2789"
"MSDIAL_ST 24:1;O4;T/11:0;[M-H]-;CCCCCCCCCCC(=O)OC1CCC2(C)C(CCC3C4CCC(C(C)CCC(O)=NCCS(O)(=O)=O)C4(C)C(O)CC23)C1;QPWOGQDSETWQTH-UHFFFAOYNA-N;C37H65NO7S","666.44090","666.4409","185.1547","480.2789"
"MSDIAL_ST 24:1;O4;T/12:0;[M-H]-;CCCCCCCCCCCC(=O)OC1CCC2(C)C(CCC3C4CCC(C(C)CCC(O)=NCCS(O)(=O)=O)C4(C)C(O)CC23)C1;QTIQEDBODYNNDT-UHFFFAOYNA-N;C38H67NO7S","680.45655","680.4565","199.1703","480.2789"
"MSDIAL_ST 24:1;O4;T/13:0;[M-H]-;CCCCCCCCCCCCC(=O)OC1CCC2(C)C(CCC3C4CCC(C(C)CCC(O)=NCCS(O)(=O)=O)C4(C)C(O)CC23)C1;XKKCDOWTIDQMEO-UHFFFAOYNA-N;C39H69NO7S","694.47220","694.4722","213.186","480.2789"
"MSDIAL_ST 24:1;O4;T/13:1;[M-H]-;CCC\C=C/CCCCCCCC(=O)OC1CCC2(C)C(CCC3C4CCC(C(C)CCC(O)=NCCS(O)(=O)=O)C4(C)C(O)CC23)C1;SJZXQUGNFJOCPK-FPLPWBNLNA-N;C39H67NO7S","692.45655","692.4565","211.1703","480.2789"
"MSDIAL_ST 24:1;O4;T/14:0;[M-H]-;CCCCCCCCCCCCCC(=O)OC1CCC2(C)C(CCC3C4CCC(C(C)CCC(O)=NCCS(O)(=O)=O)C4(C)C(O)CC23)C1;XBRVRJCPHONVKK-UHFFFAOYNA-N;C40H71NO7S","708.48785","708.4879","227.2016","480.2789"
"MSDIAL_ST 24:1;O4;T/14:1;[M-H]-;CCCC\C=C/CCCCCCCC(=O)OC1CCC2(C)C(CCC3C4CCC(C(C)CCC(O)=NCCS(O)(=O)=O)C4(C)C(O)CC23)C1;ZNUQMEVOGJQEGM-HJWRWDBZNA-N;C40H69NO7S","706.47220","706.4722","225.186","480.2789"
"MSDIAL_ST 24:1;O4;T/15:0;[M-H]-;CCCCCCCCCCCCCCC(=O)OC1CCC2(C)C(CCC3C4CCC(C(C)CCC(O)=NCCS(O)(=O)=O)C4(C)C(O)CC23)C1;HCJFBNXGWXEHJT-UHFFFAOYNA-N;C41H73NO7S","722.50350","722.5035","241.2173","480.2789"
"MSDIAL_ST 24:1;O4;T/15:1;[M-H]-;CCCCC\C=C/CCCCCCCC(=O)OC1CCC2(C)C(CCC3C4CCC(C(C)CCC(O)=NCCS(O)(=O)=O)C4(C)C(O)CC23)C1;MPKVILALQFRMKS-KTKRTIGZNA-N;C41H71NO7S","720.48785","720.4879","239.2016","480.2789"
"MSDIAL_ST 24:1;O4;T/16:0;[M-H]-;CCCCCCCCCCCCCCCC(=O)OC1CCC2(C)C(CCC3C4CCC(C(C)CCC(O)=NCCS(O)(=O)=O)C4(C)C(O)CC23)C1;IZHKZCYQSIDIQQ-UHFFFAOYNA-N;C42H75NO7S","736.51915","736.5192","255.233","480.2789"
"MSDIAL_ST 24:1;O4;T/16:1;[M-H]-;CCCCCC\C=C/CCCCCCCC(=O)OC1CCC2(C)C(CCC3C4CCC(C(C)CCC(O)=NCCS(O)(=O)=O)C4(C)C(O)CC23)C1;CZRIXHGAFPHPHZ-KHPPLWFENA-N;C42H73NO7S","734.50350","734.5035","253.2173","480.2789"
"MSDIAL_ST 24:1;O4;T/16:2;[M-H]-;CCC\C=C/C\C=C/CCCCCCCC(=O)OC1CCC2(C)C(CCC3C4CCC(C(C)CCC(O)=NCCS(O)(=O)=O)C4(C)C(O)CC23)C1;DMUOKPVNNDMJAE-NQLNTKRDNA-N;C42H71NO7S","732.48785","732.4879","251.2016","480.2789"
"MSDIAL_ST 24:1;O4;T/16:3;[M-H]-;CC\C=C/C\C=C/C\C=C/CCCCCC(=O)OC1CCC2(C)C(CCC3C4CCC(C(C)CCC(O)=NCCS(O)(=O)=O)C4(C)C(O)CC23)C1;FWGPOBRKKBJWTB-QNEBEIHSNA-N;C42H69NO7S","730.47220","730.4722","249.186","480.2789"
"MSDIAL_ST 24:1;O4;T/16:4;[M-H]-;CC\C=C/C\C=C/C\C=C/C\C=C/CCC(=O)OC1CCC2(C)C(CCC3C4CCC(C(C)CCC(O)=NCCS(O)(=O)=O)C4(C)C(O)CC23)C1;KQYIUUSFQPDSQE-DOFZRALJNA-N;C42H67NO7S","728.45655","728.4565","247.1703","480.2789"
"MSDIAL_ST 24:1;O4;T/17:0;[M-H]-;CCCCCCCCCCCCCCCCC(=O)OC1CCC2(C)C(CCC3C4CCC(C(C)CCC(O)=NCCS(O)(=O)=O)C4(C)C(O)CC23)C1;IQRODNGPBZZOAM-UHFFFAOYNA-N;C43H77NO7S","750.53480","750.5348","269.2486","480.2789"
"MSDIAL_ST 24:1;O4;T/17:1;[M-H]-;CCCCCCC\C=C/CCCCCCCC(=O)OC1CCC2(C)C(CCC3C4CCC(C(C)CCC(O)=NCCS(O)(=O)=O)C4(C)C(O)CC23)C1;RAFLHZAIVPSYHY-QXMHVHEDNA-N;C43H75NO7S","748.51915","748.5192","267.2329","480.2789"
"MSDIAL_ST 24:1;O4;T/17:2;[M-H]-;CCCC\C=C/C\C=C/CCCCCCCC(=O)OC1CCC2(C)C(CCC3C4CCC(C(C)CCC(O)=NCCS(O)(=O)=O)C4(C)C(O)CC23)C1;RJUQGRBZQHCVQZ-MURFETPANA-N;C43H73NO7S","746.50350","746.5035","265.2173","480.2789"
"MSDIAL_ST 24:1;O4;T/18:0;[M-H]-;CCCCCCCCCCCCCCCCCC(=O)OC1CCC2(C)C(CCC3C4CCC(C(C)CCC(O)=NCCS(O)(=O)=O)C4(C)C(O)CC23)C1;JSNDPRKOPHKDPS-UHFFFAOYNA-N;C44H79NO7S","764.55045","764.5505","283.2643","480.2789"
"MSDIAL_ST 24:1;O4;T/18:1;[M-H]-;CCCCCCCC\C=C/CCCCCCCC(=O)OC1CCC2(C)C(CCC3C4CCC(C(C)CCC(O)=NCCS(O)(=O)=O)C4(C)C(O)CC23)C1;GKTXYIDGEXVIIP-SEYXRHQNNA-N;C44H77NO7S","762.53480","762.5348","281.2486","480.2789"
"MSDIAL_ST 24:1;O4;T/18:2;[M-H]-;CCCCC\C=C/C\C=C/CCCCCCCC(=O)OC1CCC2(C)C(CCC3C4CCC(C(C)CCC(O)=NCCS(O)(=O)=O)C4(C)C(O)CC23)C1;WYWVMFIPXPINOB-UTJQPWESNA-N;C44H75NO7S","760.51915","760.5192","279.2329","480.2789"
"MSDIAL_ST 24:1;O4;T/18:3;[M-H]-;CC\C=C/C\C=C/C\C=C/CCCCCCCC(=O)OC1CCC2(C)C(CCC3C4CCC(C(C)CCC(O)=NCCS(O)(=O)=O)C4(C)C(O)CC23)C1;BWTILFACHHQWMJ-QNEBEIHSNA-N;C44H73NO7S","758.50350","758.5035","277.2173","480.2789"
"MSDIAL_ST 24:1;O4;T/18:4;[M-H]-;CC\C=C/C\C=C/C\C=C/C\C=C/CCCCC(=O)OC1CCC2(C)C(CCC3C4CCC(C(C)CCC(O)=NCCS(O)(=O)=O)C4(C)C(O)CC23)C1;AVZFTIAAPCPXMG-DOFZRALJNA-N;C44H71NO7S","756.48785","756.4879","275.2017","480.2789"
"MSDIAL_ST 24:1;O4;T/18:5;[M-H]-;CC\C=C/C\C=C/C\C=C/C\C=C/C\C=C/CC(=O)OC1CCC2(C)C(CCC3C4CCC(C(C)CCC(O)=NCCS(O)(=O)=O)C4(C)C(O)CC23)C1;QLUSDUOAZLHENV-WMPRHZDHNA-N;C44H69NO7S","754.47220","754.4722","273.186","480.2789"
"MSDIAL_ST 24:1;O4;T/19:0;[M-H]-;CCCCCCCCCCCCCCCCCCC(=O)OC1CCC2(C)C(CCC3C4CCC(C(C)CCC(O)=NCCS(O)(=O)=O)C4(C)C(O)CC23)C1;VAIOURVENISCCL-UHFFFAOYNA-N;C45H81NO7S","778.56610","778.5661","297.2799","480.2789"
"MSDIAL_ST 24:1;O4;T/19:1;[M-H]-;CCCCCCCCC\C=C/CCCCCCCC(=O)OC1CCC2(C)C(CCC3C4CCC(C(C)CCC(O)=NCCS(O)(=O)=O)C4(C)C(O)CC23)C1;CTBRJAQIHQGNKA-YPKPFQOONA-N;C45H79NO7S","776.55045","776.5505","295.2643","480.2789"
"MSDIAL_ST 24:1;O4;T/19:2;[M-H]-;CCCCCC\C=C/C\C=C/CCCCCCCC(=O)OC1CCC2(C)C(CCC3C4CCC(C(C)CCC(O)=NCCS(O)(=O)=O)C4(C)C(O)CC23)C1;KPLFDCPEONEJTR-XVTLYKPTNA-N;C45H77NO7S","774.53480","774.5348","293.2486","480.2789"
"MSDIAL_ST 24:1;O4;T/20:0;[M-H]-;CCCCCCCCCCCCCCCCCCCC(=O)OC1CCC2(C)C(CCC3C4CCC(C(C)CCC(O)=NCCS(O)(=O)=O)C4(C)C(O)CC23)C1;DYWKNVMNVCOTPZ-UHFFFAOYNA-N;C46H83NO7S","792.58175","792.5817","311.2956","480.2789"
"MSDIAL_ST 24:1;O4;T/20:1;[M-H]-;CCCCCCCC\C=C/CCCCCCCCCC(=O)OC1CCC2(C)C(CCC3C4CCC(C(C)CCC(O)=NCCS(O)(=O)=O)C4(C)C(O)CC23)C1;OHUAJWYFJCCGNJ-SEYXRHQNNA-N;C46H81NO7S","790.56610","790.5661","309.2799","480.2789"
"MSDIAL_ST 24:1;O4;T/20:2;[M-H]-;CCCCC\C=C/C\C=C/CCCCCCCCCC(=O)OC1CCC2(C)C(CCC3C4CCC(C(C)CCC(O)=NCCS(O)(=O)=O)C4(C)C(O)CC23)C1;JTUJXFGNNRHMJD-UTJQPWESNA-N;C46H79NO7S","788.55045","788.5505","307.2643","480.2789"
"MSDIAL_ST 24:1;O4;T/20:3;[M-H]-;CC\C=C/C\C=C/C\C=C/CCCCCCCCCC(=O)OC1CCC2(C)C(CCC3C4CCC(C(C)CCC(O)=NCCS(O)(=O)=O)C4(C)C(O)CC23)C1;KVEMCVDOOGJNEF-QNEBEIHSNA-N;C46H77NO7S","786.53480","786.5348","305.2486","480.2789"
"MSDIAL_ST 24:1;O4;T/20:4;[M-H]-;CC\C=C/C\C=C/C\C=C/C\C=C/CCCCCCC(=O)OC1CCC2(C)C(CCC3C4CCC(C(C)CCC(O)=NCCS(O)(=O)=O)C4(C)C(O)CC23)C1;XMWFQJZMRVCTOS-DOFZRALJNA-N;C46H75NO7S","784.51915","784.5192","303.2329","480.2789"
"MSDIAL_ST 24:1;O4;T/20:5;[M-H]-;CC\C=C/C\C=C/C\C=C/C\C=C/C\C=C/CCCC(=O)OC1CCC2(C)C(CCC3C4CCC(C(C)CCC(O)=NCCS(O)(=O)=O)C4(C)C(O)CC23)C1;DQXAYOSQGMECIR-WMPRHZDHNA-N;C46H73NO7S","782.50350","782.5035","301.2173","480.2789"
"MSDIAL_ST 24:1;O4;T/21:0;[M-H]-;CCCCCCCCCCCCCCCCCCCCC(=O)OC1CCC2(C)C(CCC3C4CCC(C(C)CCC(O)=NCCS(O)(=O)=O)C4(C)C(O)CC23)C1;PBUKUETWUUTFTH-UHFFFAOYNA-N;C47H85NO7S","806.59740","806.5974","325.3112","480.2789"
"MSDIAL_ST 24:1;O4;T/21:1;[M-H]-;CCCCCCCCC\C=C/CCCCCCCCCC(=O)OC1CCC2(C)C(CCC3C4CCC(C(C)CCC(O)=NCCS(O)(=O)=O)C4(C)C(O)CC23)C1;FQTSWSKFDXBBBS-YPKPFQOONA-N;C47H83NO7S","804.58175","804.5817","323.2956","480.2789"
"MSDIAL_ST 24:1;O4;T/21:2;[M-H]-;CCCCCC\C=C/C\C=C/CCCCCCCCCC(=O)OC1CCC2(C)C(CCC3C4CCC(C(C)CCC(O)=NCCS(O)(=O)=O)C4(C)C(O)CC23)C1;GHSTXIHBNRCHQY-XVTLYKPTNA-N;C47H81NO7S","802.56610","802.5661","321.2799","480.2789"
"MSDIAL_ST 24:1;O4;T/22:0;[M-H]-;CCCCCCCCCCCCCCCCCCCCCC(=O)OC1CCC2(C)C(CCC3C4CCC(C(C)CCC(O)=NCCS(O)(=O)=O)C4(C)C(O)CC23)C1;WIMGKERNAHNBEV-UHFFFAOYNA-N;C48H87NO7S","820.61305","820.613","339.3268","480.2789"
"MSDIAL_ST 24:1;O4;T/22:1;[M-H]-;CCCCCCCC\C=C/CCCCCCCCCCCC(=O)OC1CCC2(C)C(CCC3C4CCC(C(C)CCC(O)=NCCS(O)(=O)=O)C4(C)C(O)CC23)C1;BKBQXHISDORGIY-SEYXRHQNNA-N;C48H85NO7S","818.59740","818.5974","337.3112","480.2789"
"MSDIAL_ST 24:1;O4;T/22:2;[M-H]-;CCCCC\C=C/C\C=C/CCCCCCCCCCCC(=O)OC1CCC2(C)C(CCC3C4CCC(C(C)CCC(O)=NCCS(O)(=O)=O)C4(C)C(O)CC23)C1;WBBOKFBXMGUWDC-UTJQPWESNA-N;C48H83NO7S","816.58175","816.5817","335.2956","480.2789"
"MSDIAL_ST 24:1;O4;T/22:3;[M-H]-;CCCCC\C=C/C\C=C/C\C=C/CCCCCCCCC(=O)OC1CCC2(C)C(CCC3C4CCC(C(C)CCC(O)=NCCS(O)(=O)=O)C4(C)C(O)CC23)C1;DUMRVZOELYGPKH-YOILPLPUNA-N;C48H81NO7S","814.56610","814.5661","333.2799","480.2789"
"MSDIAL_ST 24:1;O4;T/22:4;[M-H]-;CC\C=C/C\C=C/C\C=C/C\C=C/CCCCCCCCC(=O)OC1CCC2(C)C(CCC3C4CCC(C(C)CCC(O)=NCCS(O)(=O)=O)C4(C)C(O)CC23)C1;IYAZZFJZDRVKHC-DOFZRALJNA-N;C48H79NO7S","812.55045","812.5505","331.2643","480.2789"
"MSDIAL_ST 24:1;O4;T/22:5;[M-H]-;CC\C=C/C\C=C/C\C=C/C\C=C/C\C=C/CCCCCC(=O)OC1CCC2(C)C(CCC3C4CCC(C(C)CCC(O)=NCCS(O)(=O)=O)C4(C)C(O)CC23)C1;VUTZXSHHHFLXPW-WMPRHZDHNA-N;C48H77NO7S","810.53480","810.5348","329.2486","480.2789"
"MSDIAL_ST 24:1;O4;T/22:6;[M-H]-;CC\C=C/C\C=C/C\C=C/C\C=C/C\C=C/C\C=C/CCC(=O)OC1CCC2(C)C(CCC3C4CCC(C(C)CCC(O)=NCCS(O)(=O)=O)C4(C)C(O)CC23)C1;ZZUZGKLZOANIFN-WSDBEMKQNA-N;C48H75NO7S","808.51915","808.5192","327.2329","480.2789"
"MSDIAL_ST 24:1;O4;T/23:0;[M-H]-;CCCCCCCCCCCCCCCCCCCCCCC(=O)OC1CCC2(C)C(CCC3C4CCC(C(C)CCC(O)=NCCS(O)(=O)=O)C4(C)C(O)CC23)C1;WBDDFWXFKRQPFZ-UHFFFAOYNA-N;C49H89NO7S","834.62870","834.6287","353.3425","480.2789"
"MSDIAL_ST 24:1;O4;T/24:0;[M-H]-;CCCCCCCCCCCCCCCCCCCCCCCC(=O)OC1CCC2(C)C(CCC3C4CCC(C(C)CCC(O)=NCCS(O)(=O)=O)C4(C)C(O)CC23)C1;LCDKVQPPWKDNFY-UHFFFAOYNA-N;C50H91NO7S","848.64435","848.6443","367.3582","480.2789"
"MSDIAL_ST 24:1;O4;T/24:1;[M-H]-;CCCCCCCCCC\C=C/CCCCCCCCCCCC(=O)OC1CCC2(C)C(CCC3C4CCC(C(C)CCC(O)=NCCS(O)(=O)=O)C4(C)C(O)CC23)C1;RYANXHAUUFXHJC-PFONDFGANA-N;C50H89NO7S","846.62870","846.6287","365.3425","480.2789"
"MSDIAL_ST 24:1;O4;T/24:2;[M-H]-;CCCCCCC\C=C/C\C=C/CCCCCCCCCCCC(=O)OC1CCC2(C)C(CCC3C4CCC(C(C)CCC(O)=NCCS(O)(=O)=O)C4(C)C(O)CC23)C1;HESSWGBMOKGUHX-HDXUUTQWNA-N;C50H87NO7S","844.61305","844.613","363.3268","480.2789"
"MSDIAL_ST 24:1;O4;T/24:3;[M-H]-;CCCCCCC\C=C/C\C=C/C\C=C/CCCCCCCCC(=O)OC1CCC2(C)C(CCC3C4CCC(C(C)CCC(O)=NCCS(O)(=O)=O)C4(C)C(O)CC23)C1;OWEYWEXIGYODPU-IHDWIWDKNA-N;C50H85NO7S","842.59740","842.5974","361.3112","480.2789"
"MSDIAL_ST 24:1;O4;T/24:4;[M-H]-;CC\C=C/C\C=C/C\C=C/C\C=C/CCCCCCCCCCC(=O)OC1CCC2(C)C(CCC3C4CCC(C(C)CCC(O)=NCCS(O)(=O)=O)C4(C)C(O)CC23)C1;GGJPJHVRKBPULK-DOFZRALJNA-N;C50H83NO7S","840.58175","840.5817","359.2956","480.2789"
"MSDIAL_ST 24:1;O4;T/24:5;[M-H]-;CC\C=C/C\C=C/C\C=C/C\C=C/C\C=C/CCCCCCCC(=O)OC1CCC2(C)C(CCC3C4CCC(C(C)CCC(O)=NCCS(O)(=O)=O)C4(C)C(O)CC23)C1;FETDKLBUXHEJMH-WMPRHZDHNA-N;C50H81NO7S","838.56610","838.5661","357.2799","480.2789"
"MSDIAL_ST 24:1;O4;T/24:6;[M-H]-;CC\C=C/C\C=C/C\C=C/C\C=C/C\C=C/C\C=C/CCCCC(=O)OC1CCC2(C)C(CCC3C4CCC(C(C)CCC(O)=NCCS(O)(=O)=O)C4(C)C(O)CC23)C1;FJDPGXHIEGPUMP-WSDBEMKQNA-N;C50H79NO7S","836.55045","836.5505","355.2643","480.2789"
"MSDIAL_ST 24:1;O4;T/25:0;[M-H]-;CCCCCCCCCCCCCCCCCCCCCCCCC(=O)OC1CCC2(C)C(CCC3C4CCC(C(C)CCC(O)=NCCS(O)(=O)=O)C4(C)C(O)CC23)C1;XKAJIFOKDFFXSI-UHFFFAOYNA-N;C51H93NO7S","862.66000","862.66","381.3738","480.2789"
"MSDIAL_ST 24:1;O4;T/26:0;[M-H]-;CCCCCCCCCCCCCCCCCCCCCCCCCC(=O)OC1CCC2(C)C(CCC3C4CCC(C(C)CCC(O)=NCCS(O)(=O)=O)C4(C)C(O)CC23)C1;UPSNDPCBNBSCER-UHFFFAOYNA-N;C52H95NO7S","876.67565","876.6757","395.3894","480.2789"
"MSDIAL_ST 24:1;O4;T/26:1;[M-H]-;CCCCCCCCCC\C=C/CCCCCCCCCCCCCC(=O)OC1CCC2(C)C(CCC3C4CCC(C(C)CCC(O)=NCCS(O)(=O)=O)C4(C)C(O)CC23)C1;UFGGNZPUQOQHAZ-PFONDFGANA-N;C52H93NO7S","874.66000","874.66","393.3738","480.2789"
"MSDIAL_ST 24:1;O4;T/26:2;[M-H]-;CCCCCCC\C=C/C\C=C/CCCCCCCCCCCCCC(=O)OC1CCC2(C)C(CCC3C4CCC(C(C)CCC(O)=NCCS(O)(=O)=O)C4(C)C(O)CC23)C1;VGNGSBORGQWPDO-HDXUUTQWNA-N;C52H91NO7S","872.64435","872.6443","391.3582","480.2789"
"MSDIAL_ST 24:1;O4;T/26:3;[M-H]-;CCCCCCC\C=C/C\C=C/C\C=C/CCCCCCCCCCC(=O)OC1CCC2(C)C(CCC3C4CCC(C(C)CCC(O)=NCCS(O)(=O)=O)C4(C)C(O)CC23)C1;VBHBUUDKIQLGOS-IHDWIWDKNA-N;C52H89NO7S","870.62870","870.6287","389.3425","480.2789"
"MSDIAL_ST 24:1;O4;T/26:4;[M-H]-;CC\C=C/C\C=C/C\C=C/C\C=C/CCCCCCCCCCCCC(=O)OC1CCC2(C)C(CCC3C4CCC(C(C)CCC(O)=NCCS(O)(=O)=O)C4(C)C(O)CC23)C1;JPLBIQVZLMNQTD-DOFZRALJNA-N;C52H87NO7S","868.61305","868.613","387.3268","480.2789"
"MSDIAL_ST 24:1;O4;T/26:5;[M-H]-;CC\C=C/C\C=C/C\C=C/C\C=C/C\C=C/CCCCCCCCCC(=O)OC1CCC2(C)C(CCC3C4CCC(C(C)CCC(O)=NCCS(O)(=O)=O)C4(C)C(O)CC23)C1;NVBUHIKDDCYNGY-WMPRHZDHNA-N;C52H85NO7S","866.59740","866.5974","385.3112","480.2789"
"MSDIAL_ST 24:1;O4;T/26:6;[M-H]-;CC\C=C/C\C=C/C\C=C/C\C=C/C\C=C/C\C=C/CCCCCCC(=O)OC1CCC2(C)C(CCC3C4CCC(C(C)CCC(O)=NCCS(O)(=O)=O)C4(C)C(O)CC23)C1;RBKMSDXRNWXHRZ-WSDBEMKQNA-N;C52H83NO7S","864.58175","864.5817","383.2956","480.2789"
"MSDIAL_ST 24:1;O4;T/26:7;[M-H]-;CC\C=C/C\C=C/C\C=C/C\C=C/C\C=C/C\C=C/C\C=C/CCCC(=O)OC1CCC2(C)C(CCC3C4CCC(C(C)CCC(O)=NCCS(O)(=O)=O)C4(C)C(O)CC23)C1;BRCCMWWTBCPWKN-QAYSHOGENA-N;C52H81NO7S","862.56610","862.5661","381.2799","480.2789"
