"MSDIAL_AHexSIS","[M+NH4]+","1","2"
"MSDIAL_ST 29:1;O;Hex;FA 8:0;[M+NH4]+;CCCCCCCC(=O)OCC1OC(OC2CCC3(C)C4CCC5(C)C(CCC5C4CC=C3C2)C(C)CCC(CC)C(C)C)C(O)C(O)C1O;MPPSVXCUIRDSIS-UHFFFAOYNA-N;C43H74O7","720.57728","397.3829","720.5773"
"MSDIAL_ST 29:1;O;Hex;FA 9:0;[M+NH4]+;CCCCCCCCC(=O)OCC1OC(OC2CCC3(C)C4CCC5(C)C(CCC5C4CC=C3C2)C(C)CCC(CC)C(C)C)C(O)C(O)C1O;HBTNAAHODKLBHO-UHFFFAOYNA-N;C44H76O7","734.59293","397.3829","734.593"
"MSDIAL_ST 29:1;O;Hex;FA 10:0;[M+NH4]+;CCCCCCCCCC(=O)OCC1OC(OC2CCC3(C)C4CCC5(C)C(CCC5C4CC=C3C2)C(C)CCC(CC)C(C)C)C(O)C(O)C1O;DHKUBNCDNTWBAV-UHFFFAOYNA-N;C45H78O7","748.60858","397.3829","748.6086"
"MSDIAL_ST 29:1;O;Hex;FA 11:0;[M+NH4]+;CCCCCCCCCCC(=O)OCC1OC(OC2CCC3(C)C4CCC5(C)C(CCC5C4CC=C3C2)C(C)CCC(CC)C(C)C)C(O)C(O)C1O;WTQYFNMRMAIJSK-UHFFFAOYNA-N;C46H80O7","762.62423","397.3829","762.6242"
"MSDIAL_ST 29:1;O;Hex;FA 12:0;[M+NH4]+;CCCCCCCCCCCC(=O)OCC1OC(OC2CCC3(C)C4CCC5(C)C(CCC5C4CC=C3C2)C(C)CCC(CC)C(C)C)C(O)C(O)C1O;NDCYNQNHRYPFEO-UHFFFAOYNA-N;C47H82O7","776.63988","397.3829","776.6399"
"MSDIAL_ST 29:1;O;Hex;FA 13:0;[M+NH4]+;CCCCCCCCCCCCC(=O)OCC1OC(OC2CCC3(C)C4CCC5(C)C(CCC5C4CC=C3C2)C(C)CCC(CC)C(C)C)C(O)C(O)C1O;ZASHNBIZQQGDHG-UHFFFAOYNA-N;C48H84O7","790.65553","397.3829","790.6555"
"MSDIAL_ST 29:1;O;Hex;FA 13:1;[M+NH4]+;CCC\C=C/CCCCCCCC(=O)OCC1OC(OC2CCC3(C)C4CCC5(C)C(CCC5C4CC=C3C2)C(C)CCC(CC)C(C)C)C(O)C(O)C1O;PHHWSLSQKWPSAZ-QXMHVHEDNA-N;C48H82O7","788.63988","397.3829","788.6399"
"MSDIAL_ST 29:1;O;Hex;FA 14:0;[M+NH4]+;CCCCCCCCCCCCCC(=O)OCC1OC(OC2CCC3(C)C4CCC5(C)C(CCC5C4CC=C3C2)C(C)CCC(CC)C(C)C)C(O)C(O)C1O;CSXINXSKAXRKKW-UHFFFAOYNA-N;C49H86O7","804.67118","397.3829","804.6712"
"MSDIAL_ST 29:1;O;Hex;FA 14:1;[M+NH4]+;CCCC\C=C/CCCCCCCC(=O)OCC1OC(OC2CCC3(C)C4CCC5(C)C(CCC5C4CC=C3C2)C(C)CCC(CC)C(C)C)C(O)C(O)C1O;FWYNACWAPONKPY-SEYXRHQNNA-N;C49H84O7","802.65553","397.3829","802.6555"
"MSDIAL_ST 29:1;O;Hex;FA 15:0;[M+NH4]+;CCCCCCCCCCCCCCC(=O)OCC1OC(OC2CCC3(C)C4CCC5(C)C(CCC5C4CC=C3C2)C(C)CCC(CC)C(C)C)C(O)C(O)C1O;JEFLPPBXOREXFH-UHFFFAOYNA-N;C50H88O7","818.68683","397.3829","818.6868"
"MSDIAL_ST 29:1;O;Hex;FA 15:1;[M+NH4]+;CCCCC\C=C/CCCCCCCC(=O)OCC1OC(OC2CCC3(C)C4CCC5(C)C(CCC5C4CC=C3C2)C(C)CCC(CC)C(C)C)C(O)C(O)C1O;JVJKTTYAQGPYJG-YPKPFQOONA-N;C50H86O7","816.67118","397.3829","816.6712"
"MSDIAL_ST 29:1;O;Hex;FA 16:0;[M+NH4]+;CCCCCCCCCCCCCCCC(=O)OCC1OC(OC2CCC3(C)C4CCC5(C)C(CCC5C4CC=C3C2)C(C)CCC(CC)C(C)C)C(O)C(O)C1O;JCLYMCVRBRHEHI-UHFFFAOYNA-N;C51H90O7","832.70248","397.3829","832.7025"
"MSDIAL_ST 29:1;O;Hex;FA 16:1;[M+NH4]+;CCCCCC\C=C/CCCCCCCC(=O)OCC1OC(OC2CCC3(C)C4CCC5(C)C(CCC5C4CC=C3C2)C(C)CCC(CC)C(C)C)C(O)C(O)C1O;BMCQKSQFFMUVIP-PFONDFGANA-N;C51H88O7","830.68683","397.3829","830.6868"
"MSDIAL_ST 29:1;O;Hex;FA 16:2;[M+NH4]+;CCC\C=C/C\C=C/CCCCCCCC(=O)OCC1OC(OC2CCC3(C)C4CCC5(C)C(CCC5C4CC=C3C2)C(C)CCC(CC)C(C)C)C(O)C(O)C1O;WUNSKNALPGEWLY-HDXUUTQWNA-N;C51H86O7","828.67118","397.3829","828.6712"
"MSDIAL_ST 29:1;O;Hex;FA 16:3;[M+NH4]+;CC\C=C/C\C=C/C\C=C/CCCCCC(=O)OCC1OC(OC2CCC3(C)C4CCC5(C)C(CCC5C4CC=C3C2)C(C)CCC(CC)C(C)C)C(O)C(O)C1O;HPSIPZWPAAUBJM-NWFXIAEYNA-N;C51H84O7","826.65553","397.3829","826.6555"
"MSDIAL_ST 29:1;O;Hex;FA 16:4;[M+NH4]+;CC\C=C/C\C=C/C\C=C/C\C=C/CCC(=O)OCC1OC(OC2CCC3(C)C4CCC5(C)C(CCC5C4CC=C3C2)C(C)CCC(CC)C(C)C)C(O)C(O)C1O;FIKUAIIKEFUMMT-AILJCPQKNA-N;C51H82O7","824.63988","397.3829","824.6399"
"MSDIAL_ST 29:1;O;Hex;FA 17:0;[M+NH4]+;CCCCCCCCCCCCCCCCC(=O)OCC1OC(OC2CCC3(C)C4CCC5(C)C(CCC5C4CC=C3C2)C(C)CCC(CC)C(C)C)C(O)C(O)C1O;HHWGMFXJSFQQTR-UHFFFAOYNA-N;C52H92O7","846.71813","397.3829","846.7181"
"MSDIAL_ST 29:1;O;Hex;FA 17:1;[M+NH4]+;CCCCCCC\C=C/CCCCCCCC(=O)OCC1OC(OC2CCC3(C)C4CCC5(C)C(CCC5C4CC=C3C2)C(C)CCC(CC)C(C)C)C(O)C(O)C1O;CGBDHCBMHQMGSC-NXVVXOECNA-N;C52H90O7","844.70248","397.3829","844.7025"
"MSDIAL_ST 29:1;O;Hex;FA 17:2;[M+NH4]+;CCCC\C=C/C\C=C/CCCCCCCC(=O)OCC1OC(OC2CCC3(C)C4CCC5(C)C(CCC5C4CC=C3C2)C(C)CCC(CC)C(C)C)C(O)C(O)C1O;WWXGQAJZRHPVBB-QGLGPCELNA-N;C52H88O7","842.68683","397.3829","842.6868"
"MSDIAL_ST 29:1;O;Hex;FA 18:0;[M+NH4]+;CCCCCCCCCCCCCCCCCC(=O)OCC1OC(OC2CCC3(C)C4CCC5(C)C(CCC5C4CC=C3C2)C(C)CCC(CC)C(C)C)C(O)C(O)C1O;WHXVFRBDLSVIIH-UHFFFAOYNA-N;C53H94O7","860.73378","397.3829","860.7338"
"MSDIAL_ST 29:1;O;Hex;FA 18:1;[M+NH4]+;CCCCCCCC\C=C/CCCCCCCC(=O)OCC1OC(OC2CCC3(C)C4CCC5(C)C(CCC5C4CC=C3C2)C(C)CCC(CC)C(C)C)C(O)C(O)C1O;MEEONOMPSMYAQO-MSUUIHNZNA-N;C53H92O7","858.71813","397.3829","858.7181"
"MSDIAL_ST 29:1;O;Hex;FA 18:2;[M+NH4]+;CCCCC\C=C/C\C=C/CCCCCCCC(=O)OCC1OC(OC2CCC3(C)C4CCC5(C)C(CCC5C4CC=C3C2)C(C)CCC(CC)C(C)C)C(O)C(O)C1O;LGOFPEZSCRRDEE-AUGURXLVNA-N;C53H90O7","856.70248","397.3829","856.7025"
"MSDIAL_ST 29:1;O;Hex;FA 18:3;[M+NH4]+;CC\C=C/C\C=C/C\C=C/CCCCCCCC(=O)OCC1OC(OC2CCC3(C)C4CCC5(C)C(CCC5C4CC=C3C2)C(C)CCC(CC)C(C)C)C(O)C(O)C1O;BYFNXTURFRVSSA-NWFXIAEYNA-N;C53H88O7","854.68683","397.3829","854.6868"
"MSDIAL_ST 29:1;O;Hex;FA 18:4;[M+NH4]+;CC\C=C/C\C=C/C\C=C/C\C=C/CCCCC(=O)OCC1OC(OC2CCC3(C)C4CCC5(C)C(CCC5C4CC=C3C2)C(C)CCC(CC)C(C)C)C(O)C(O)C1O;CCLLQPKZSMQNKI-AILJCPQKNA-N;C53H86O7","852.67118","397.3829","852.6712"
"MSDIAL_ST 29:1;O;Hex;FA 18:5;[M+NH4]+;CC\C=C/C\C=C/C\C=C/C\C=C/C\C=C/CC(=O)OCC1OC(OC2CCC3(C)C4CCC5(C)C(CCC5C4CC=C3C2)C(C)CCC(CC)C(C)C)C(O)C(O)C1O;QDPZIWYGYQBWMX-RDOWKDNJNA-N;C53H84O7","850.65553","397.3829","850.6555"
"MSDIAL_ST 29:1;O;Hex;FA 19:0;[M+NH4]+;CCCCCCCCCCCCCCCCCCC(=O)OCC1OC(OC2CCC3(C)C4CCC5(C)C(CCC5C4CC=C3C2)C(C)CCC(CC)C(C)C)C(O)C(O)C1O;PENVEGQZHRPXNA-UHFFFAOYNA-N;C54H96O7","874.74943","397.3829","874.7495"
"MSDIAL_ST 29:1;O;Hex;FA 19:1;[M+NH4]+;CCCCCCCCC\C=C/CCCCCCCC(=O)OCC1OC(OC2CCC3(C)C4CCC5(C)C(CCC5C4CC=C3C2)C(C)CCC(CC)C(C)C)C(O)C(O)C1O;JFZBHBJFCIBXHI-ZCXUNETKNA-N;C54H94O7","872.73378","397.3829","872.7338"
"MSDIAL_ST 29:1;O;Hex;FA 19:2;[M+NH4]+;CCCCCC\C=C/C\C=C/CCCCCCCC(=O)OCC1OC(OC2CCC3(C)C4CCC5(C)C(CCC5C4CC=C3C2)C(C)CCC(CC)C(C)C)C(O)C(O)C1O;YYLFHPBXPWZFOC-NFYLBXPENA-N;C54H92O7","870.71813","397.3829","870.7181"
"MSDIAL_ST 29:1;O;Hex;FA 20:0;[M+NH4]+;CCCCCCCCCCCCCCCCCCCC(=O)OCC1OC(OC2CCC3(C)C4CCC5(C)C(CCC5C4CC=C3C2)C(C)CCC(CC)C(C)C)C(O)C(O)C1O;TXFNGAZZISRWSA-UHFFFAOYNA-N;C55H98O7","888.76508","397.3829","888.7651"
"MSDIAL_ST 29:1;O;Hex;FA 20:1;[M+NH4]+;CCCCCCCC\C=C/CCCCCCCCCC(=O)OCC1OC(OC2CCC3(C)C4CCC5(C)C(CCC5C4CC=C3C2)C(C)CCC(CC)C(C)C)C(O)C(O)C1O;QSRIRQLQFJPCQG-MSUUIHNZNA-N;C55H96O7","886.74943","397.3829","886.7495"
"MSDIAL_ST 29:1;O;Hex;FA 20:2;[M+NH4]+;CCCCC\C=C/C\C=C/CCCCCCCCCC(=O)OCC1OC(OC2CCC3(C)C4CCC5(C)C(CCC5C4CC=C3C2)C(C)CCC(CC)C(C)C)C(O)C(O)C1O;AORACOQYONFZTH-AUGURXLVNA-N;C55H94O7","884.73378","397.3829","884.7338"
"MSDIAL_ST 29:1;O;Hex;FA 20:3;[M+NH4]+;CC\C=C/C\C=C/C\C=C/CCCCCCCCCC(=O)OCC1OC(OC2CCC3(C)C4CCC5(C)C(CCC5C4CC=C3C2)C(C)CCC(CC)C(C)C)C(O)C(O)C1O;RCSZKADSZRWFCM-NWFXIAEYNA-N;C55H92O7","882.71813","397.3829","882.7181"
"MSDIAL_ST 29:1;O;Hex;FA 20:4;[M+NH4]+;CC\C=C/C\C=C/C\C=C/C\C=C/CCCCCCC(=O)OCC1OC(OC2CCC3(C)C4CCC5(C)C(CCC5C4CC=C3C2)C(C)CCC(CC)C(C)C)C(O)C(O)C1O;PYBWZQYVHMRWNM-AILJCPQKNA-N;C55H90O7","880.70248","397.3829","880.7025"
"MSDIAL_ST 29:1;O;Hex;FA 20:5;[M+NH4]+;CC\C=C/C\C=C/C\C=C/C\C=C/C\C=C/CCCC(=O)OCC1OC(OC2CCC3(C)C4CCC5(C)C(CCC5C4CC=C3C2)C(C)CCC(CC)C(C)C)C(O)C(O)C1O;DKFSZYOBEOTFKX-RDOWKDNJNA-N;C55H88O7","878.68683","397.3829","878.6868"
"MSDIAL_ST 29:1;O;Hex;FA 21:0;[M+NH4]+;CCCCCCCCCCCCCCCCCCCCC(=O)OCC1OC(OC2CCC3(C)C4CCC5(C)C(CCC5C4CC=C3C2)C(C)CCC(CC)C(C)C)C(O)C(O)C1O;NEEJFHJFEMMNDW-UHFFFAOYNA-N;C56H100O7","902.78073","397.3829","902.7807"
"MSDIAL_ST 29:1;O;Hex;FA 21:1;[M+NH4]+;CCCCCCCCC\C=C/CCCCCCCCCC(=O)OCC1OC(OC2CCC3(C)C4CCC5(C)C(CCC5C4CC=C3C2)C(C)CCC(CC)C(C)C)C(O)C(O)C1O;NBOPDNMIEYUYPE-ZCXUNETKNA-N;C56H98O7","900.76508","397.3829","900.7651"
"MSDIAL_ST 29:1;O;Hex;FA 21:2;[M+NH4]+;CCCCCC\C=C/C\C=C/CCCCCCCCCC(=O)OCC1OC(OC2CCC3(C)C4CCC5(C)C(CCC5C4CC=C3C2)C(C)CCC(CC)C(C)C)C(O)C(O)C1O;KHJWEBVXEUIQKS-NFYLBXPENA-N;C56H96O7","898.74943","397.3829","898.7495"
"MSDIAL_ST 29:1;O;Hex;FA 22:0;[M+NH4]+;CCCCCCCCCCCCCCCCCCCCCC(=O)OCC1OC(OC2CCC3(C)C4CCC5(C)C(CCC5C4CC=C3C2)C(C)CCC(CC)C(C)C)C(O)C(O)C1O;LCBWKXCFZKVXRJ-UHFFFAOYNA-N;C57H102O7","916.79638","397.3829","916.7964"
"MSDIAL_ST 29:1;O;Hex;FA 22:1;[M+NH4]+;CCCCCCCC\C=C/CCCCCCCCCCCC(=O)OCC1OC(OC2CCC3(C)C4CCC5(C)C(CCC5C4CC=C3C2)C(C)CCC(CC)C(C)C)C(O)C(O)C1O;NLDJDDXLBKWWMS-MSUUIHNZNA-N;C57H100O7","914.78073","397.3829","914.7807"
"MSDIAL_ST 29:1;O;Hex;FA 22:2;[M+NH4]+;CCCCC\C=C/C\C=C/CCCCCCCCCCCC(=O)OCC1OC(OC2CCC3(C)C4CCC5(C)C(CCC5C4CC=C3C2)C(C)CCC(CC)C(C)C)C(O)C(O)C1O;GYZNBUCGTPBPSE-AUGURXLVNA-N;C57H98O7","912.76508","397.3829","912.7651"
"MSDIAL_ST 29:1;O;Hex;FA 22:3;[M+NH4]+;CCCCC\C=C/C\C=C/C\C=C/CCCCCCCCC(=O)OCC1OC(OC2CCC3(C)C4CCC5(C)C(CCC5C4CC=C3C2)C(C)CCC(CC)C(C)C)C(O)C(O)C1O;ZEEQNVSDODQKCV-BYBPBHJYNA-N;C57H96O7","910.74943","397.3829","910.7495"
"MSDIAL_ST 29:1;O;Hex;FA 22:4;[M+NH4]+;CC\C=C/C\C=C/C\C=C/C\C=C/CCCCCCCCC(=O)OCC1OC(OC2CCC3(C)C4CCC5(C)C(CCC5C4CC=C3C2)C(C)CCC(CC)C(C)C)C(O)C(O)C1O;WBQRZTQCPMKJSR-AILJCPQKNA-N;C57H94O7","908.73378","397.3829","908.7338"
"MSDIAL_ST 29:1;O;Hex;FA 22:5;[M+NH4]+;CC\C=C/C\C=C/C\C=C/C\C=C/C\C=C/CCCCCC(=O)OCC1OC(OC2CCC3(C)C4CCC5(C)C(CCC5C4CC=C3C2)C(C)CCC(CC)C(C)C)C(O)C(O)C1O;GEWZAXHXXUFCAO-RDOWKDNJNA-N;C57H92O7","906.71813","397.3829","906.7181"
"MSDIAL_ST 29:1;O;Hex;FA 22:6;[M+NH4]+;CC\C=C/C\C=C/C\C=C/C\C=C/C\C=C/C\C=C/CCC(=O)OCC1OC(OC2CCC3(C)C4CCC5(C)C(CCC5C4CC=C3C2)C(C)CCC(CC)C(C)C)C(O)C(O)C1O;KDEUZIHSNGWDFA-BLJRLOTANA-N;C57H90O7","904.70248","397.3829","904.7025"
"MSDIAL_ST 29:1;O;Hex;FA 23:0;[M+NH4]+;CCCCCCCCCCCCCCCCCCCCCCC(=O)OCC1OC(OC2CCC3(C)C4CCC5(C)C(CCC5C4CC=C3C2)C(C)CCC(CC)C(C)C)C(O)C(O)C1O;AEWGNTNTYCZACU-UHFFFAOYNA-N;C58H104O7","930.81203","397.3829","930.812"
"MSDIAL_ST 29:1;O;Hex;FA 24:0;[M+NH4]+;CCCCCCCCCCCCCCCCCCCCCCCC(=O)OCC1OC(OC2CCC3(C)C4CCC5(C)C(CCC5C4CC=C3C2)C(C)CCC(CC)C(C)C)C(O)C(O)C1O;JRFULIDCMBUUDQ-UHFFFAOYNA-N;C59H106O7","944.82768","397.3829","944.8277"
"MSDIAL_ST 29:1;O;Hex;FA 24:1;[M+NH4]+;CCCCCCCCCC\C=C/CCCCCCCCCCCC(=O)OCC1OC(OC2CCC3(C)C4CCC5(C)C(CCC5C4CC=C3C2)C(C)CCC(CC)C(C)C)C(O)C(O)C1O;PEYQLNRICUYYEY-HNENSFHCNA-N;C59H104O7","942.81203","397.3829","942.812"
"MSDIAL_ST 29:1;O;Hex;FA 24:2;[M+NH4]+;CCCCCCC\C=C/C\C=C/CCCCCCCCCCCC(=O)OCC1OC(OC2CCC3(C)C4CCC5(C)C(CCC5C4CC=C3C2)C(C)CCC(CC)C(C)C)C(O)C(O)C1O;QPHKVZAKXVGGTB-GJLVVWLQNA-N;C59H102O7","940.79638","397.3829","940.7964"
"MSDIAL_ST 29:1;O;Hex;FA 24:3;[M+NH4]+;CCCCCCC\C=C/C\C=C/C\C=C/CCCCCCCCC(=O)OCC1OC(OC2CCC3(C)C4CCC5(C)C(CCC5C4CC=C3C2)C(C)CCC(CC)C(C)C)C(O)C(O)C1O;XSAYPOSNXXUYNV-WZUSAPNINA-N;C59H100O7","938.78073","397.3829","938.7807"
"MSDIAL_ST 29:1;O;Hex;FA 24:4;[M+NH4]+;CC\C=C/C\C=C/C\C=C/C\C=C/CCCCCCCCCCC(=O)OCC1OC(OC2CCC3(C)C4CCC5(C)C(CCC5C4CC=C3C2)C(C)CCC(CC)C(C)C)C(O)C(O)C1O;PFJOWUPILLYYLT-AILJCPQKNA-N;C59H98O7","936.76508","397.3829","936.7651"
"MSDIAL_ST 29:1;O;Hex;FA 24:5;[M+NH4]+;CC\C=C/C\C=C/C\C=C/C\C=C/C\C=C/CCCCCCCC(=O)OCC1OC(OC2CCC3(C)C4CCC5(C)C(CCC5C4CC=C3C2)C(C)CCC(CC)C(C)C)C(O)C(O)C1O;AUVOPMPRVQVCJI-RDOWKDNJNA-N;C59H96O7","934.74943","397.3829","934.7495"
"MSDIAL_ST 29:1;O;Hex;FA 24:6;[M+NH4]+;CC\C=C/C\C=C/C\C=C/C\C=C/C\C=C/C\C=C/CCCCC(=O)OCC1OC(OC2CCC3(C)C4CCC5(C)C(CCC5C4CC=C3C2)C(C)CCC(CC)C(C)C)C(O)C(O)C1O;MYGKAXOQMSMZNL-BLJRLOTANA-N;C59H94O7","932.73378","397.3829","932.7338"
"MSDIAL_ST 29:1;O;Hex;FA 25:0;[M+NH4]+;CCCCCCCCCCCCCCCCCCCCCCCCC(=O)OCC1OC(OC2CCC3(C)C4CCC5(C)C(CCC5C4CC=C3C2)C(C)CCC(CC)C(C)C)C(O)C(O)C1O;WMBHNBIERPKQOS-UHFFFAOYNA-N;C60H108O7","958.84333","397.3829","958.8433"
"MSDIAL_ST 29:1;O;Hex;FA 26:0;[M+NH4]+;CCCCCCCCCCCCCCCCCCCCCCCCCC(=O)OCC1OC(OC2CCC3(C)C4CCC5(C)C(CCC5C4CC=C3C2)C(C)CCC(CC)C(C)C)C(O)C(O)C1O;QLYRDFRYGJGULH-UHFFFAOYNA-N;C61H110O7","972.85898","397.3829","972.859"
"MSDIAL_ST 29:1;O;Hex;FA 26:1;[M+NH4]+;CCCCCCCCCC\C=C/CCCCCCCCCCCCCC(=O)OCC1OC(OC2CCC3(C)C4CCC5(C)C(CCC5C4CC=C3C2)C(C)CCC(CC)C(C)C)C(O)C(O)C1O;BEXRUJCKWFVVRQ-HNENSFHCNA-N;C61H108O7","970.84333","397.3829","970.8433"
"MSDIAL_ST 29:1;O;Hex;FA 26:2;[M+NH4]+;CCCCCCC\C=C/C\C=C/CCCCCCCCCCCCCC(=O)OCC1OC(OC2CCC3(C)C4CCC5(C)C(CCC5C4CC=C3C2)C(C)CCC(CC)C(C)C)C(O)C(O)C1O;OVPKUFNMUPTJAO-GJLVVWLQNA-N;C61H106O7","968.82768","397.3829","968.8277"
"MSDIAL_ST 29:1;O;Hex;FA 26:3;[M+NH4]+;CCCCCCC\C=C/C\C=C/C\C=C/CCCCCCCCCCC(=O)OCC1OC(OC2CCC3(C)C4CCC5(C)C(CCC5C4CC=C3C2)C(C)CCC(CC)C(C)C)C(O)C(O)C1O;OGSWYZURMFTCIZ-WZUSAPNINA-N;C61H104O7","966.81203","397.3829","966.812"
"MSDIAL_ST 29:1;O;Hex;FA 26:4;[M+NH4]+;CC\C=C/C\C=C/C\C=C/C\C=C/CCCCCCCCCCCCC(=O)OCC1OC(OC2CCC3(C)C4CCC5(C)C(CCC5C4CC=C3C2)C(C)CCC(CC)C(C)C)C(O)C(O)C1O;RXOADABQHGOFQN-AILJCPQKNA-N;C61H102O7","964.79638","397.3829","964.7964"
"MSDIAL_ST 29:1;O;Hex;FA 26:5;[M+NH4]+;CC\C=C/C\C=C/C\C=C/C\C=C/C\C=C/CCCCCCCCCC(=O)OCC1OC(OC2CCC3(C)C4CCC5(C)C(CCC5C4CC=C3C2)C(C)CCC(CC)C(C)C)C(O)C(O)C1O;MGFWNQYBBWORKA-RDOWKDNJNA-N;C61H100O7","962.78073","397.3829","962.7807"
"MSDIAL_ST 29:1;O;Hex;FA 26:6;[M+NH4]+;CC\C=C/C\C=C/C\C=C/C\C=C/C\C=C/C\C=C/CCCCCCC(=O)OCC1OC(OC2CCC3(C)C4CCC5(C)C(CCC5C4CC=C3C2)C(C)CCC(CC)C(C)C)C(O)C(O)C1O;ROGHNNYYQZVFHL-BLJRLOTANA-N;C61H98O7","960.76508","397.3829","960.7651"
"MSDIAL_ST 29:1;O;Hex;FA 26:7;[M+NH4]+;CC\C=C/C\C=C/C\C=C/C\C=C/C\C=C/C\C=C/C\C=C/CCCC(=O)OCC1OC(OC2CCC3(C)C4CCC5(C)C(CCC5C4CC=C3C2)C(C)CCC(CC)C(C)C)C(O)C(O)C1O;IGQLOYFMLJLEPM-BCHMCSMSNA-N;C61H96O7","958.74943","397.3829","958.7495"
