"MSDIAL_LDGTS","[M+H]+","1","2","3","4","5"
"MSDIAL_LDGTS 2:0;[M+H]+;CC(=O)OCC(O)COCCC(C([O-])=O)[N+](C)(C)C;LRVXYQWJZAHPTI-UHFFFAOYNA-N;C12H23NO6","278.15981","236.1492","218.1387","278.1598","260.1493","144.1019"
"MSDIAL_LDGTS 3:0;[M+H]+;CCC(=O)OCC(O)COCCC(C([O-])=O)[N+](C)(C)C;UNBWHAZRZAPQFH-UHFFFAOYNA-N;C13H25NO6","292.17546","236.1492","218.1387","292.1754","274.1649","144.1019"
"MSDIAL_LDGTS 4:0;[M+H]+;CCCC(=O)OCC(O)COCCC(C([O-])=O)[N+](C)(C)C;QDBWILAYRXPVDV-UHFFFAOYNA-N;C14H27NO6","306.19111","236.1492","218.1387","306.1911","288.1805","144.1019"
"MSDIAL_LDGTS 5:0;[M+H]+;CCCCC(=O)OCC(O)COCCC(C([O-])=O)[N+](C)(C)C;RGQKHCXHLNWIJV-UHFFFAOYNA-N;C15H29NO6","320.20676","236.1492","218.1387","320.2068","302.1962","144.1019"
"MSDIAL_LDGTS 6:0;[M+H]+;CCCCCC(=O)OCC(O)COCCC(C([O-])=O)[N+](C)(C)C;KYSLBNHCBIXWHW-UHFFFAOYNA-N;C16H31NO6","334.22241","236.1492","218.1387","334.2224","316.2119","144.1019"
"MSDIAL_LDGTS 7:0;[M+H]+;CCCCCCC(=O)OCC(O)COCCC(C([O-])=O)[N+](C)(C)C;HHUBOISTUXLZBA-UHFFFAOYNA-N;C17H33NO6","348.23806","236.1492","218.1387","348.2381","330.2275","144.1019"
"MSDIAL_LDGTS 8:0;[M+H]+;CCCCCCCC(=O)OCC(O)COCCC(C([O-])=O)[N+](C)(C)C;DJEWBTLHQNVXAR-UHFFFAOYNA-N;C18H35NO6","362.25371","236.1492","218.1387","362.2537","344.2432","144.1019"
"MSDIAL_LDGTS 9:0;[M+H]+;CCCCCCCCC(=O)OCC(O)COCCC(C([O-])=O)[N+](C)(C)C;UVTDFIQAVWASNQ-UHFFFAOYNA-N;C19H37NO6","376.26936","236.1492","218.1387","376.2693","358.2588","144.1019"
"MSDIAL_LDGTS 10:0;[M+H]+;CCCCCCCCCC(=O)OCC(O)COCCC(C([O-])=O)[N+](C)(C)C;IAOFCGFTOJIOTI-UHFFFAOYNA-N;C20H39NO6","390.28501","236.1492","218.1387","390.285","372.2744","144.1019"
"MSDIAL_LDGTS 11:0;[M+H]+;CCCCCCCCCCC(=O)OCC(O)COCCC(C([O-])=O)[N+](C)(C)C;LRYMXDKLZHQMTN-UHFFFAOYNA-N;C21H41NO6","404.30066","236.1492","218.1387","404.3007","386.2901","144.1019"
"MSDIAL_LDGTS 12:0;[M+H]+;CCCCCCCCCCCC(=O)OCC(O)COCCC(C([O-])=O)[N+](C)(C)C;XJRZVQKRBVJAJO-UHFFFAOYNA-N;C22H43NO6","418.31631","236.1492","218.1387","418.3163","400.3058","144.1019"
"MSDIAL_LDGTS 13:0;[M+H]+;CCCCCCCCCCCCC(=O)OCC(O)COCCC(C([O-])=O)[N+](C)(C)C;BPUSJGQTRZDSGT-UHFFFAOYNA-N;C23H45NO6","432.33196","236.1492","218.1387","432.332","414.3214","144.1019"
"MSDIAL_LDGTS 13:1;[M+H]+;CCC\C=C/CCCCCCCC(=O)OCC(O)COCCC(C([O-])=O)[N+](C)(C)C;NQGDNLMEVCZPSB-FPLPWBNLNA-N;C23H43NO6","430.31631","236.1492","218.1387","430.3163","412.3058","144.1019"
"MSDIAL_LDGTS 14:0;[M+H]+;CCCCCCCCCCCCCC(=O)OCC(O)COCCC(C([O-])=O)[N+](C)(C)C;YMICRIPDSIPBJQ-UHFFFAOYNA-N;C24H47NO6","446.34761","236.1492","218.1387","446.3476","428.337","144.1019"
"MSDIAL_LDGTS 14:1;[M+H]+;CCCC\C=C/CCCCCCCC(=O)OCC(O)COCCC(C([O-])=O)[N+](C)(C)C;DXOSUGMTWIRLER-HJWRWDBZNA-N;C24H45NO6","444.33196","236.1492","218.1387","444.332","426.3214","144.1019"
"MSDIAL_LDGTS 15:0;[M+H]+;CCCCCCCCCCCCCCC(=O)OCC(O)COCCC(C([O-])=O)[N+](C)(C)C;HIGKAWZLGUPJDV-UHFFFAOYNA-N;C25H49NO6","460.36326","236.1492","218.1387","460.3633","442.3527","144.1019"
"MSDIAL_LDGTS 15:1;[M+H]+;CCCCC\C=C/CCCCCCCC(=O)OCC(O)COCCC(C([O-])=O)[N+](C)(C)C;CBQBGJUIQMONGL-KTKRTIGZNA-N;C25H47NO6","458.34761","236.1492","218.1387","458.3476","440.337","144.1019"
"MSDIAL_LDGTS 16:0;[M+H]+;CCCCCCCCCCCCCCCC(=O)OCC(O)COCCC(C([O-])=O)[N+](C)(C)C;OLQBJTALXNGBNR-UHFFFAOYNA-N;C26H51NO6","474.37891","236.1492","218.1387","474.3789","456.3683","144.1019"
"MSDIAL_LDGTS 16:1;[M+H]+;CCCCCC\C=C/CCCCCCCC(=O)OCC(O)COCCC(C([O-])=O)[N+](C)(C)C;IDIZIPFHKJZRPB-KHPPLWFENA-N;C26H49NO6","472.36326","236.1492","218.1387","472.3633","454.3527","144.1019"
"MSDIAL_LDGTS 16:2;[M+H]+;CCC\C=C/C\C=C/CCCCCCCC(=O)OCC(O)COCCC(C([O-])=O)[N+](C)(C)C;SJUYYIGIDUPBQP-NQLNTKRDNA-N;C26H47NO6","470.34761","236.1492","218.1387","470.3476","452.337","144.1019"
"MSDIAL_LDGTS 16:3;[M+H]+;CC\C=C/C\C=C/C\C=C/CCCCCC(=O)OCC(O)COCCC(C([O-])=O)[N+](C)(C)C;OBXFHKIGQCWUGQ-QNEBEIHSNA-N;C26H45NO6","468.33196","236.1492","218.1387","468.332","450.3214","144.1019"
"MSDIAL_LDGTS 16:4;[M+H]+;CC\C=C/C\C=C/C\C=C/C\C=C/CCC(=O)OCC(O)COCCC(C([O-])=O)[N+](C)(C)C;UANLTNMSZZENNK-DOFZRALJNA-N;C26H43NO6","466.31631","236.1492","218.1387","466.3163","448.3058","144.1019"
"MSDIAL_LDGTS 17:0;[M+H]+;CCCCCCCCCCCCCCCCC(=O)OCC(O)COCCC(C([O-])=O)[N+](C)(C)C;RRWXSDMOOMOUTH-UHFFFAOYNA-N;C27H53NO6","488.39456","236.1492","218.1387","488.3946","470.384","144.1019"
"MSDIAL_LDGTS 17:1;[M+H]+;CCCCCCC\C=C/CCCCCCCC(=O)OCC(O)COCCC(C([O-])=O)[N+](C)(C)C;GDMZQKUXCXRDKZ-QXMHVHEDNA-N;C27H51NO6","486.37891","236.1492","218.1387","486.3789","468.3683","144.1019"
"MSDIAL_LDGTS 17:2;[M+H]+;CCCC\C=C/C\C=C/CCCCCCCC(=O)OCC(O)COCCC(C([O-])=O)[N+](C)(C)C;JBAJNWWDTHDJNI-MURFETPANA-N;C27H49NO6","484.36326","236.1492","218.1387","484.3633","466.3527","144.1019"
"MSDIAL_LDGTS 18:0;[M+H]+;CCCCCCCCCCCCCCCCCC(=O)OCC(O)COCCC(C([O-])=O)[N+](C)(C)C;KXGHEXMEIBRLPG-UHFFFAOYNA-N;C28H55NO6","502.41021","236.1492","218.1387","502.4102","484.3997","144.1019"
"MSDIAL_LDGTS 18:1;[M+H]+;CCCCCCCC\C=C/CCCCCCCC(=O)OCC(O)COCCC(C([O-])=O)[N+](C)(C)C;FTLDFSGPEPRILR-SEYXRHQNNA-N;C28H53NO6","500.39456","236.1492","218.1387","500.3946","482.384","144.1019"
"MSDIAL_LDGTS 18:2;[M+H]+;CCCCC\C=C/C\C=C/CCCCCCCC(=O)OCC(O)COCCC(C([O-])=O)[N+](C)(C)C;MBBOPONQLZPJRT-UTJQPWESNA-N;C28H51NO6","498.37891","236.1492","218.1387","498.3789","480.3683","144.1019"
"MSDIAL_LDGTS 18:3;[M+H]+;CC\C=C/C\C=C/C\C=C/CCCCCCCC(=O)OCC(O)COCCC(C([O-])=O)[N+](C)(C)C;KYXUNVYUQGROHB-QNEBEIHSNA-N;C28H49NO6","496.36326","236.1492","218.1387","496.3633","478.3527","144.1019"
"MSDIAL_LDGTS 18:4;[M+H]+;CC\C=C/C\C=C/C\C=C/C\C=C/CCCCC(=O)OCC(O)COCCC(C([O-])=O)[N+](C)(C)C;GRSSDQVNPYQVJF-DOFZRALJNA-N;C28H47NO6","494.34761","236.1492","218.1387","494.3476","476.337","144.1019"
"MSDIAL_LDGTS 18:5;[M+H]+;CC\C=C/C\C=C/C\C=C/C\C=C/C\C=C/CC(=O)OCC(O)COCCC(C([O-])=O)[N+](C)(C)C;CTLSBUUUZYZRJP-WMPRHZDHNA-N;C28H45NO6","492.33196","236.1492","218.1387","492.332","474.3214","144.1019"
"MSDIAL_LDGTS 19:0;[M+H]+;CCCCCCCCCCCCCCCCCCC(=O)OCC(O)COCCC(C([O-])=O)[N+](C)(C)C;LQGWTUVUCVOFTN-UHFFFAOYNA-N;C29H57NO6","516.42586","236.1492","218.1387","516.4258","498.4153","144.1019"
"MSDIAL_LDGTS 19:1;[M+H]+;CCCCCCCCC\C=C/CCCCCCCC(=O)OCC(O)COCCC(C([O-])=O)[N+](C)(C)C;QVZUWWZJEPBDTI-YPKPFQOONA-N;C29H55NO6","514.41021","236.1492","218.1387","514.4102","496.3997","144.1019"
"MSDIAL_LDGTS 19:2;[M+H]+;CCCCCC\C=C/C\C=C/CCCCCCCC(=O)OCC(O)COCCC(C([O-])=O)[N+](C)(C)C;BLTRUITYFNAFTD-XVTLYKPTNA-N;C29H53NO6","512.39456","236.1492","218.1387","512.3945","494.384","144.1019"
"MSDIAL_LDGTS 20:0;[M+H]+;CCCCCCCCCCCCCCCCCCCC(=O)OCC(O)COCCC(C([O-])=O)[N+](C)(C)C;OADXVYZYMMEJSD-UHFFFAOYNA-N;C30H59NO6","530.44152","236.1492","218.1387","530.4415","512.431","144.1019"
"MSDIAL_LDGTS 20:1;[M+H]+;CCCCCCCC\C=C/CCCCCCCCCC(=O)OCC(O)COCCC(C([O-])=O)[N+](C)(C)C;KRWLDHOSLZHDPW-SEYXRHQNNA-N;C30H57NO6","528.42586","236.1492","218.1387","528.4258","510.4153","144.1019"
"MSDIAL_LDGTS 20:2;[M+H]+;CCCCC\C=C/C\C=C/CCCCCCCCCC(=O)OCC(O)COCCC(C([O-])=O)[N+](C)(C)C;MCJOAMVAKYDBTA-UTJQPWESNA-N;C30H55NO6","526.41021","236.1492","218.1387","526.4102","508.3997","144.1019"
"MSDIAL_LDGTS 20:3;[M+H]+;CC\C=C/C\C=C/C\C=C/CCCCCCCCCC(=O)OCC(O)COCCC(C([O-])=O)[N+](C)(C)C;KVMIVNJAEMIBLP-QNEBEIHSNA-N;C30H53NO6","524.39456","236.1492","218.1387","524.3945","506.384","144.1019"
"MSDIAL_LDGTS 20:4;[M+H]+;CC\C=C/C\C=C/C\C=C/C\C=C/CCCCCCC(=O)OCC(O)COCCC(C([O-])=O)[N+](C)(C)C;JJYWMKVUZVTZHM-DOFZRALJNA-N;C30H51NO6","522.37891","236.1492","218.1387","522.3789","504.3683","144.1019"
"MSDIAL_LDGTS 20:5;[M+H]+;CC\C=C/C\C=C/C\C=C/C\C=C/C\C=C/CCCC(=O)OCC(O)COCCC(C([O-])=O)[N+](C)(C)C;UTCILGFKLFSPCL-WMPRHZDHNA-N;C30H49NO6","520.36326","236.1492","218.1387","520.3633","502.3527","144.1019"
"MSDIAL_LDGTS 21:0;[M+H]+;CCCCCCCCCCCCCCCCCCCCC(=O)OCC(O)COCCC(C([O-])=O)[N+](C)(C)C;MVMOPZRVHYHLNM-UHFFFAOYNA-N;C31H61NO6","544.45717","236.1492","218.1387","544.4572","526.4466","144.1019"
"MSDIAL_LDGTS 21:1;[M+H]+;CCCCCCCCC\C=C/CCCCCCCCCC(=O)OCC(O)COCCC(C([O-])=O)[N+](C)(C)C;MKCCZZGMHSWFAZ-YPKPFQOONA-N;C31H59NO6","542.44152","236.1492","218.1387","542.4415","524.431","144.1019"
"MSDIAL_LDGTS 21:2;[M+H]+;CCCCCC\C=C/C\C=C/CCCCCCCCCC(=O)OCC(O)COCCC(C([O-])=O)[N+](C)(C)C;WVTJRLJUDUXOMC-XVTLYKPTNA-N;C31H57NO6","540.42586","236.1492","218.1387","540.4258","522.4153","144.1019"
"MSDIAL_LDGTS 22:0;[M+H]+;CCCCCCCCCCCCCCCCCCCCCC(=O)OCC(O)COCCC(C([O-])=O)[N+](C)(C)C;CAXXTOXGDPBZRN-UHFFFAOYNA-N;C32H63NO6","558.47282","236.1492","218.1387","558.4728","540.4623","144.1019"
"MSDIAL_LDGTS 22:1;[M+H]+;CCCCCCCC\C=C/CCCCCCCCCCCC(=O)OCC(O)COCCC(C([O-])=O)[N+](C)(C)C;DCUWLHNJSQZQRA-SEYXRHQNNA-N;C32H61NO6","556.45717","236.1492","218.1387","556.4572","538.4466","144.1019"
"MSDIAL_LDGTS 22:2;[M+H]+;CCCCC\C=C/C\C=C/CCCCCCCCCCCC(=O)OCC(O)COCCC(C([O-])=O)[N+](C)(C)C;OIEGSIWGNRUWCO-UTJQPWESNA-N;C32H59NO6","554.44152","236.1492","218.1387","554.4415","536.431","144.1019"
"MSDIAL_LDGTS 22:3;[M+H]+;CCCCC\C=C/C\C=C/C\C=C/CCCCCCCCC(=O)OCC(O)COCCC(C([O-])=O)[N+](C)(C)C;YWXMLIZYHBQSMH-YOILPLPUNA-N;C32H57NO6","552.42586","236.1492","218.1387","552.4258","534.4153","144.1019"
"MSDIAL_LDGTS 22:4;[M+H]+;CC\C=C/C\C=C/C\C=C/C\C=C/CCCCCCCCC(=O)OCC(O)COCCC(C([O-])=O)[N+](C)(C)C;SCGJFBYWZKPBIF-DOFZRALJNA-N;C32H55NO6","550.41021","236.1492","218.1387","550.4102","532.3997","144.1019"
"MSDIAL_LDGTS 22:5;[M+H]+;CC\C=C/C\C=C/C\C=C/C\C=C/C\C=C/CCCCCC(=O)OCC(O)COCCC(C([O-])=O)[N+](C)(C)C;UAVZUZHZKAHOST-WMPRHZDHNA-N;C32H53NO6","548.39456","236.1492","218.1387","548.3945","530.384","144.1019"
"MSDIAL_LDGTS 22:6;[M+H]+;CC\C=C/C\C=C/C\C=C/C\C=C/C\C=C/C\C=C/CCC(=O)OCC(O)COCCC(C([O-])=O)[N+](C)(C)C;TVULBRZJPSBHNJ-WSDBEMKQNA-N;C32H51NO6","546.37891","236.1492","218.1387","546.3789","528.3683","144.1019"
"MSDIAL_LDGTS 23:0;[M+H]+;CCCCCCCCCCCCCCCCCCCCCCC(=O)OCC(O)COCCC(C([O-])=O)[N+](C)(C)C;AMPZHSXHDMKNCF-UHFFFAOYNA-N;C33H65NO6","572.48847","236.1492","218.1387","572.4885","554.4779","144.1019"
"MSDIAL_LDGTS 24:0;[M+H]+;CCCCCCCCCCCCCCCCCCCCCCCC(=O)OCC(O)COCCC(C([O-])=O)[N+](C)(C)C;APHNMNBSFFKRJV-UHFFFAOYNA-N;C34H67NO6","586.50412","236.1492","218.1387","586.5042","568.4935","144.1019"
"MSDIAL_LDGTS 24:1;[M+H]+;CCCCCCCCCC\C=C/CCCCCCCCCCCC(=O)OCC(O)COCCC(C([O-])=O)[N+](C)(C)C;CYANBTDLNKJSHE-PFONDFGANA-N;C34H65NO6","584.48847","236.1492","218.1387","584.4885","566.4779","144.1019"
"MSDIAL_LDGTS 24:2;[M+H]+;CCCCCCC\C=C/C\C=C/CCCCCCCCCCCC(=O)OCC(O)COCCC(C([O-])=O)[N+](C)(C)C;WFJNHAYHJDJSDD-HDXUUTQWNA-N;C34H63NO6","582.47282","236.1492","218.1387","582.4728","564.4623","144.1019"
"MSDIAL_LDGTS 24:4;[M+H]+;CC\C=C/C\C=C/C\C=C/C\C=C/CCCCCCCCCCC(=O)OCC(O)COCCC(C([O-])=O)[N+](C)(C)C;GIFDLWMEAGGKNM-DOFZRALJNA-N;C34H59NO6","578.44152","236.1492","218.1387","578.4415","560.431","144.1019"
"MSDIAL_LDGTS 25:0;[M+H]+;CCCCCCCCCCCCCCCCCCCCCCCCC(=O)OCC(O)COCCC(C([O-])=O)[N+](C)(C)C;OEOVKNPNNPNMCY-UHFFFAOYNA-N;C35H69NO6","600.51977","236.1492","218.1387","600.5198","582.5092","144.1019"
"MSDIAL_LDGTS 26:0;[M+H]+;CCCCCCCCCCCCCCCCCCCCCCCCCC(=O)OCC(O)COCCC(C([O-])=O)[N+](C)(C)C;DOQKKKVPQMNABC-UHFFFAOYNA-N;C36H71NO6","614.53542","236.1492","218.1387","614.5354","596.5248","144.1019"
"MSDIAL_LDGTS 26:1;[M+H]+;CCCCCCCCCC\C=C/CCCCCCCCCCCCCC(=O)OCC(O)COCCC(C([O-])=O)[N+](C)(C)C;OCPWNOAJCGVUMZ-PFONDFGANA-N;C36H69NO6","612.51977","236.1492","218.1387","612.5198","594.5092","144.1019"
"MSDIAL_LDGTS 26:2;[M+H]+;CCCCCCC\C=C/C\C=C/CCCCCCCCCCCCCC(=O)OCC(O)COCCC(C([O-])=O)[N+](C)(C)C;RONIPVFEZAHFRM-HDXUUTQWNA-N;C36H67NO6","610.50412","236.1492","218.1387","610.5042","592.4935","144.1019"
"MSDIAL_LDGTS 26:4;[M+H]+;CC\C=C/C\C=C/C\C=C/C\C=C/CCCCCCCCCCCCC(=O)OCC(O)COCCC(C([O-])=O)[N+](C)(C)C;UMHLXMZHFZJZBP-DOFZRALJNA-N;C36H63NO6","606.47282","236.1492","218.1387","606.4728","588.4623","144.1019"
