"Confirmed fragments if intensity is above 1000 and number of scans is greater than or equal to 1","MSDIAL_STSE","[M+NH4]+","1","2","RT_min","RT_max","Comment","RT at Max Intensity","MSDIAL_STSE","[M+NH4]+","1","2","RT_min","RT_max","Comment","Number of Scans","MSDIAL_STSE","[M+NH4]+","1","2","RT_min","RT_max","Comment","Max Intensity","MSDIAL_STSE","[M+NH4]+","1","2","RT_min","RT_max","Comment","Average m/z","MSDIAL_STSE","[M+NH4]+","1","2","RT_min","RT_max","Comment","Theoretical, Library Parent Hits","MSDIAL_STSE","[M+NH4]+","1","2","RT_min","RT_max","Comment"
"","MSDIAL_SE 29:2/10:0;[M+NH4]+;CCCCCCCCCC(=O)OC1CCC2(C)C3CCC4(C)C(CCC4C3CC=C2C1)C(C)C=CC(CC)C(C)C;HUHHGPBWORNOSB-UHFFFAOYNA-N;C39H66O2",0,0,0,"1.91847638888889","2.21847638888889","7583","","MSDIAL_SE 29:2/10:0;[M+NH4]+;CCCCCCCCCC(=O)OC1CCC2(C)C3CCC4(C)C(CCC4C3CC=C2C1)C(C)C=CC(CC)C(C)C;HUHHGPBWORNOSB-UHFFFAOYNA-N;C39H66O2",0,0,0,"1.91847638888889","2.21847638888889","7583","","MSDIAL_SE 29:2/10:0;[M+NH4]+;CCCCCCCCCC(=O)OC1CCC2(C)C3CCC4(C)C(CCC4C3CC=C2C1)C(C)C=CC(CC)C(C)C;HUHHGPBWORNOSB-UHFFFAOYNA-N;C39H66O2",0,0,0,"1.91847638888889","2.21847638888889","7583","","MSDIAL_SE 29:2/10:0;[M+NH4]+;CCCCCCCCCC(=O)OC1CCC2(C)C3CCC4(C)C(CCC4C3CC=C2C1)C(C)C=CC(CC)C(C)C;HUHHGPBWORNOSB-UHFFFAOYNA-N;C39H66O2",0,0,0,"1.91847638888889","2.21847638888889","7583","","MSDIAL_SE 29:2/10:0;[M+NH4]+;CCCCCCCCCC(=O)OC1CCC2(C)C3CCC4(C)C(CCC4C3CC=C2C1)C(C)C=CC(CC)C(C)C;HUHHGPBWORNOSB-UHFFFAOYNA-N;C39H66O2",0,0,0,"1.91847638888889","2.21847638888889","7583","","MSDIAL_SE 29:2/10:0;[M+NH4]+;CCCCCCCCCC(=O)OC1CCC2(C)C3CCC4(C)C(CCC4C3CC=C2C1)C(C)C=CC(CC)C(C)C;HUHHGPBWORNOSB-UHFFFAOYNA-N;C39H66O2","584.54011","395.3672","584.5401","1.91847638888889","2.21847638888889","7583"
"","MSDIAL_SE 29:2/13:1;[M+NH4]+;CCC\C=C/CCCCCCCC(=O)OC1CCC2(C)C3CCC4(C)C(CCC4C3CC=C2C1)C(C)C=CC(CC)C(C)C;ZGXJQMVPCMURJH-XGWOUVRONA-N;C42H70O2",0,0,0,"2.36156111111111","2.66156111111111","8343","","MSDIAL_SE 29:2/13:1;[M+NH4]+;CCC\C=C/CCCCCCCC(=O)OC1CCC2(C)C3CCC4(C)C(CCC4C3CC=C2C1)C(C)C=CC(CC)C(C)C;ZGXJQMVPCMURJH-XGWOUVRONA-N;C42H70O2",0,0,0,"2.36156111111111","2.66156111111111","8343","","MSDIAL_SE 29:2/13:1;[M+NH4]+;CCC\C=C/CCCCCCCC(=O)OC1CCC2(C)C3CCC4(C)C(CCC4C3CC=C2C1)C(C)C=CC(CC)C(C)C;ZGXJQMVPCMURJH-XGWOUVRONA-N;C42H70O2",0,0,0,"2.36156111111111","2.66156111111111","8343","","MSDIAL_SE 29:2/13:1;[M+NH4]+;CCC\C=C/CCCCCCCC(=O)OC1CCC2(C)C3CCC4(C)C(CCC4C3CC=C2C1)C(C)C=CC(CC)C(C)C;ZGXJQMVPCMURJH-XGWOUVRONA-N;C42H70O2",0,0,0,"2.36156111111111","2.66156111111111","8343","","MSDIAL_SE 29:2/13:1;[M+NH4]+;CCC\C=C/CCCCCCCC(=O)OC1CCC2(C)C3CCC4(C)C(CCC4C3CC=C2C1)C(C)C=CC(CC)C(C)C;ZGXJQMVPCMURJH-XGWOUVRONA-N;C42H70O2",0,0,0,"2.36156111111111","2.66156111111111","8343","","MSDIAL_SE 29:2/13:1;[M+NH4]+;CCC\C=C/CCCCCCCC(=O)OC1CCC2(C)C3CCC4(C)C(CCC4C3CC=C2C1)C(C)C=CC(CC)C(C)C;ZGXJQMVPCMURJH-XGWOUVRONA-N;C42H70O2","624.57141","395.3672","624.5714","2.36156111111111","2.66156111111111","8343"
"","MSDIAL_SE 29:2/14:0;[M+NH4]+;CCCCCCCCCCCCCC(=O)OC1CCC2(C)C3CCC4(C)C(CCC4C3CC=C2C1)C(C)C=CC(CC)C(C)C;HIJCZMJEHACFOJ-UHFFFAOYNA-N;C43H74O2",0,0,0,"13.4899486111111","13.7899486111111","9113","","MSDIAL_SE 29:2/14:0;[M+NH4]+;CCCCCCCCCCCCCC(=O)OC1CCC2(C)C3CCC4(C)C(CCC4C3CC=C2C1)C(C)C=CC(CC)C(C)C;HIJCZMJEHACFOJ-UHFFFAOYNA-N;C43H74O2",0,0,0,"13.4899486111111","13.7899486111111","9113","","MSDIAL_SE 29:2/14:0;[M+NH4]+;CCCCCCCCCCCCCC(=O)OC1CCC2(C)C3CCC4(C)C(CCC4C3CC=C2C1)C(C)C=CC(CC)C(C)C;HIJCZMJEHACFOJ-UHFFFAOYNA-N;C43H74O2",0,0,0,"13.4899486111111","13.7899486111111","9113","","MSDIAL_SE 29:2/14:0;[M+NH4]+;CCCCCCCCCCCCCC(=O)OC1CCC2(C)C3CCC4(C)C(CCC4C3CC=C2C1)C(C)C=CC(CC)C(C)C;HIJCZMJEHACFOJ-UHFFFAOYNA-N;C43H74O2",0,0,0,"13.4899486111111","13.7899486111111","9113","","MSDIAL_SE 29:2/14:0;[M+NH4]+;CCCCCCCCCCCCCC(=O)OC1CCC2(C)C3CCC4(C)C(CCC4C3CC=C2C1)C(C)C=CC(CC)C(C)C;HIJCZMJEHACFOJ-UHFFFAOYNA-N;C43H74O2",0,0,0,"13.4899486111111","13.7899486111111","9113","","MSDIAL_SE 29:2/14:0;[M+NH4]+;CCCCCCCCCCCCCC(=O)OC1CCC2(C)C3CCC4(C)C(CCC4C3CC=C2C1)C(C)C=CC(CC)C(C)C;HIJCZMJEHACFOJ-UHFFFAOYNA-N;C43H74O2","640.60271","395.3672","640.6027","13.4899486111111","13.7899486111111","9113"
"","MSDIAL_SE 29:2/14:0;[M+NH4]+;CCCCCCCCCCCCCC(=O)OC1CCC2(C)C3CCC4(C)C(CCC4C3CC=C2C1)C(C)C=CC(CC)C(C)C;HIJCZMJEHACFOJ-UHFFFAOYNA-N;C43H74O2",0,0,0,"13.652925","13.952925","13069","","MSDIAL_SE 29:2/14:0;[M+NH4]+;CCCCCCCCCCCCCC(=O)OC1CCC2(C)C3CCC4(C)C(CCC4C3CC=C2C1)C(C)C=CC(CC)C(C)C;HIJCZMJEHACFOJ-UHFFFAOYNA-N;C43H74O2",0,0,0,"13.652925","13.952925","13069","","MSDIAL_SE 29:2/14:0;[M+NH4]+;CCCCCCCCCCCCCC(=O)OC1CCC2(C)C3CCC4(C)C(CCC4C3CC=C2C1)C(C)C=CC(CC)C(C)C;HIJCZMJEHACFOJ-UHFFFAOYNA-N;C43H74O2",0,0,0,"13.652925","13.952925","13069","","MSDIAL_SE 29:2/14:0;[M+NH4]+;CCCCCCCCCCCCCC(=O)OC1CCC2(C)C3CCC4(C)C(CCC4C3CC=C2C1)C(C)C=CC(CC)C(C)C;HIJCZMJEHACFOJ-UHFFFAOYNA-N;C43H74O2",0,0,0,"13.652925","13.952925","13069","","MSDIAL_SE 29:2/14:0;[M+NH4]+;CCCCCCCCCCCCCC(=O)OC1CCC2(C)C3CCC4(C)C(CCC4C3CC=C2C1)C(C)C=CC(CC)C(C)C;HIJCZMJEHACFOJ-UHFFFAOYNA-N;C43H74O2",0,0,0,"13.652925","13.952925","13069","","MSDIAL_SE 29:2/14:0;[M+NH4]+;CCCCCCCCCCCCCC(=O)OC1CCC2(C)C3CCC4(C)C(CCC4C3CC=C2C1)C(C)C=CC(CC)C(C)C;HIJCZMJEHACFOJ-UHFFFAOYNA-N;C43H74O2","640.60271","395.3672","640.6027","13.652925","13.952925","13069"
"","MSDIAL_SE 29:2/16:0;[M+NH4]+;CCCCCCCCCCCCCCCC(=O)OC1CCC2(C)C3CCC4(C)C(CCC4C3CC=C2C1)C(C)C=CC(CC)C(C)C;OHLDETMXEXJUDZ-UHFFFAOYNA-N;C45H78O2",0,0,0,"14.1971833333333","14.4971833333333","111","","MSDIAL_SE 29:2/16:0;[M+NH4]+;CCCCCCCCCCCCCCCC(=O)OC1CCC2(C)C3CCC4(C)C(CCC4C3CC=C2C1)C(C)C=CC(CC)C(C)C;OHLDETMXEXJUDZ-UHFFFAOYNA-N;C45H78O2",0,0,0,"14.1971833333333","14.4971833333333","111","","MSDIAL_SE 29:2/16:0;[M+NH4]+;CCCCCCCCCCCCCCCC(=O)OC1CCC2(C)C3CCC4(C)C(CCC4C3CC=C2C1)C(C)C=CC(CC)C(C)C;OHLDETMXEXJUDZ-UHFFFAOYNA-N;C45H78O2",0,0,0,"14.1971833333333","14.4971833333333","111","","MSDIAL_SE 29:2/16:0;[M+NH4]+;CCCCCCCCCCCCCCCC(=O)OC1CCC2(C)C3CCC4(C)C(CCC4C3CC=C2C1)C(C)C=CC(CC)C(C)C;OHLDETMXEXJUDZ-UHFFFAOYNA-N;C45H78O2",0,0,0,"14.1971833333333","14.4971833333333","111","","MSDIAL_SE 29:2/16:0;[M+NH4]+;CCCCCCCCCCCCCCCC(=O)OC1CCC2(C)C3CCC4(C)C(CCC4C3CC=C2C1)C(C)C=CC(CC)C(C)C;OHLDETMXEXJUDZ-UHFFFAOYNA-N;C45H78O2",0,0,0,"14.1971833333333","14.4971833333333","111","","MSDIAL_SE 29:2/16:0;[M+NH4]+;CCCCCCCCCCCCCCCC(=O)OC1CCC2(C)C3CCC4(C)C(CCC4C3CC=C2C1)C(C)C=CC(CC)C(C)C;OHLDETMXEXJUDZ-UHFFFAOYNA-N;C45H78O2","668.63401","395.3672","668.6340","14.1971833333333","14.4971833333333","111"
"","MSDIAL_SE 29:2/16:0;[M+NH4]+;CCCCCCCCCCCCCCCC(=O)OC1CCC2(C)C3CCC4(C)C(CCC4C3CC=C2C1)C(C)C=CC(CC)C(C)C;OHLDETMXEXJUDZ-UHFFFAOYNA-N;C45H78O2",0,0,0,"14.7681166666667","15.0681166666667","11404","","MSDIAL_SE 29:2/16:0;[M+NH4]+;CCCCCCCCCCCCCCCC(=O)OC1CCC2(C)C3CCC4(C)C(CCC4C3CC=C2C1)C(C)C=CC(CC)C(C)C;OHLDETMXEXJUDZ-UHFFFAOYNA-N;C45H78O2",0,0,0,"14.7681166666667","15.0681166666667","11404","","MSDIAL_SE 29:2/16:0;[M+NH4]+;CCCCCCCCCCCCCCCC(=O)OC1CCC2(C)C3CCC4(C)C(CCC4C3CC=C2C1)C(C)C=CC(CC)C(C)C;OHLDETMXEXJUDZ-UHFFFAOYNA-N;C45H78O2",0,0,0,"14.7681166666667","15.0681166666667","11404","","MSDIAL_SE 29:2/16:0;[M+NH4]+;CCCCCCCCCCCCCCCC(=O)OC1CCC2(C)C3CCC4(C)C(CCC4C3CC=C2C1)C(C)C=CC(CC)C(C)C;OHLDETMXEXJUDZ-UHFFFAOYNA-N;C45H78O2",0,0,0,"14.7681166666667","15.0681166666667","11404","","MSDIAL_SE 29:2/16:0;[M+NH4]+;CCCCCCCCCCCCCCCC(=O)OC1CCC2(C)C3CCC4(C)C(CCC4C3CC=C2C1)C(C)C=CC(CC)C(C)C;OHLDETMXEXJUDZ-UHFFFAOYNA-N;C45H78O2",0,0,0,"14.7681166666667","15.0681166666667","11404","","MSDIAL_SE 29:2/16:0;[M+NH4]+;CCCCCCCCCCCCCCCC(=O)OC1CCC2(C)C3CCC4(C)C(CCC4C3CC=C2C1)C(C)C=CC(CC)C(C)C;OHLDETMXEXJUDZ-UHFFFAOYNA-N;C45H78O2","668.63401","395.3672","668.6340","14.7681166666667","15.0681166666667","11404"
"","MSDIAL_SE 29:2/16:1;[M+NH4]+;CCCCCCCC\C=C/CCCCCC(=O)OC1CCC2(C)C3CCC4(C)C(CCC4C3CC=C2C1)C(C)C=CC(CC)C(C)C;JNSQYUFSADVPJW-DUHPMZHFNA-N;C45H76O2",0,0,0,"13.5932125","13.8932125","24","","MSDIAL_SE 29:2/16:1;[M+NH4]+;CCCCCCCC\C=C/CCCCCC(=O)OC1CCC2(C)C3CCC4(C)C(CCC4C3CC=C2C1)C(C)C=CC(CC)C(C)C;JNSQYUFSADVPJW-DUHPMZHFNA-N;C45H76O2",0,0,0,"13.5932125","13.8932125","24","","MSDIAL_SE 29:2/16:1;[M+NH4]+;CCCCCCCC\C=C/CCCCCC(=O)OC1CCC2(C)C3CCC4(C)C(CCC4C3CC=C2C1)C(C)C=CC(CC)C(C)C;JNSQYUFSADVPJW-DUHPMZHFNA-N;C45H76O2",0,0,0,"13.5932125","13.8932125","24","","MSDIAL_SE 29:2/16:1;[M+NH4]+;CCCCCCCC\C=C/CCCCCC(=O)OC1CCC2(C)C3CCC4(C)C(CCC4C3CC=C2C1)C(C)C=CC(CC)C(C)C;JNSQYUFSADVPJW-DUHPMZHFNA-N;C45H76O2",0,0,0,"13.5932125","13.8932125","24","","MSDIAL_SE 29:2/16:1;[M+NH4]+;CCCCCCCC\C=C/CCCCCC(=O)OC1CCC2(C)C3CCC4(C)C(CCC4C3CC=C2C1)C(C)C=CC(CC)C(C)C;JNSQYUFSADVPJW-DUHPMZHFNA-N;C45H76O2",0,0,0,"13.5932125","13.8932125","24","","MSDIAL_SE 29:2/16:1;[M+NH4]+;CCCCCCCC\C=C/CCCCCC(=O)OC1CCC2(C)C3CCC4(C)C(CCC4C3CC=C2C1)C(C)C=CC(CC)C(C)C;JNSQYUFSADVPJW-DUHPMZHFNA-N;C45H76O2","666.61836","395.3672","666.6183","13.5932125","13.8932125","24"
"","MSDIAL_SE 29:2/16:2;[M+NH4]+;CCCCCCCC\C=C/C\C=C\CCC(=O)OC1CCC2(C)C3CCC4(C)C(CCC4C3CC=C2C1)C(C)C=CC(CC)C(C)C;JPSUOEJUCCZMQZ-LOKXEIKZNA-N;C45H74O2",0,0,0,"13.0169736111111","13.3169736111111","218","","MSDIAL_SE 29:2/16:2;[M+NH4]+;CCCCCCCC\C=C/C\C=C\CCC(=O)OC1CCC2(C)C3CCC4(C)C(CCC4C3CC=C2C1)C(C)C=CC(CC)C(C)C;JPSUOEJUCCZMQZ-LOKXEIKZNA-N;C45H74O2",0,0,0,"13.0169736111111","13.3169736111111","218","","MSDIAL_SE 29:2/16:2;[M+NH4]+;CCCCCCCC\C=C/C\C=C\CCC(=O)OC1CCC2(C)C3CCC4(C)C(CCC4C3CC=C2C1)C(C)C=CC(CC)C(C)C;JPSUOEJUCCZMQZ-LOKXEIKZNA-N;C45H74O2",0,0,0,"13.0169736111111","13.3169736111111","218","","MSDIAL_SE 29:2/16:2;[M+NH4]+;CCCCCCCC\C=C/C\C=C\CCC(=O)OC1CCC2(C)C3CCC4(C)C(CCC4C3CC=C2C1)C(C)C=CC(CC)C(C)C;JPSUOEJUCCZMQZ-LOKXEIKZNA-N;C45H74O2",0,0,0,"13.0169736111111","13.3169736111111","218","","MSDIAL_SE 29:2/16:2;[M+NH4]+;CCCCCCCC\C=C/C\C=C\CCC(=O)OC1CCC2(C)C3CCC4(C)C(CCC4C3CC=C2C1)C(C)C=CC(CC)C(C)C;JPSUOEJUCCZMQZ-LOKXEIKZNA-N;C45H74O2",0,0,0,"13.0169736111111","13.3169736111111","218","","MSDIAL_SE 29:2/16:2;[M+NH4]+;CCCCCCCC\C=C/C\C=C\CCC(=O)OC1CCC2(C)C3CCC4(C)C(CCC4C3CC=C2C1)C(C)C=CC(CC)C(C)C;JPSUOEJUCCZMQZ-LOKXEIKZNA-N;C45H74O2","664.60271","395.3672","664.6027","13.0169736111111","13.3169736111111","218"
"","MSDIAL_SE 29:2/16:2;[M+NH4]+;CCCCCCCC\C=C/C\C=C\CCC(=O)OC1CCC2(C)C3CCC4(C)C(CCC4C3CC=C2C1)C(C)C=CC(CC)C(C)C;JPSUOEJUCCZMQZ-LOKXEIKZNA-N;C45H74O2",0,0,0,"10.7409111111111","11.0409111111111","3736","","MSDIAL_SE 29:2/16:2;[M+NH4]+;CCCCCCCC\C=C/C\C=C\CCC(=O)OC1CCC2(C)C3CCC4(C)C(CCC4C3CC=C2C1)C(C)C=CC(CC)C(C)C;JPSUOEJUCCZMQZ-LOKXEIKZNA-N;C45H74O2",0,0,0,"10.7409111111111","11.0409111111111","3736","","MSDIAL_SE 29:2/16:2;[M+NH4]+;CCCCCCCC\C=C/C\C=C\CCC(=O)OC1CCC2(C)C3CCC4(C)C(CCC4C3CC=C2C1)C(C)C=CC(CC)C(C)C;JPSUOEJUCCZMQZ-LOKXEIKZNA-N;C45H74O2",0,0,0,"10.7409111111111","11.0409111111111","3736","","MSDIAL_SE 29:2/16:2;[M+NH4]+;CCCCCCCC\C=C/C\C=C\CCC(=O)OC1CCC2(C)C3CCC4(C)C(CCC4C3CC=C2C1)C(C)C=CC(CC)C(C)C;JPSUOEJUCCZMQZ-LOKXEIKZNA-N;C45H74O2",0,0,0,"10.7409111111111","11.0409111111111","3736","","MSDIAL_SE 29:2/16:2;[M+NH4]+;CCCCCCCC\C=C/C\C=C\CCC(=O)OC1CCC2(C)C3CCC4(C)C(CCC4C3CC=C2C1)C(C)C=CC(CC)C(C)C;JPSUOEJUCCZMQZ-LOKXEIKZNA-N;C45H74O2",0,0,0,"10.7409111111111","11.0409111111111","3736","","MSDIAL_SE 29:2/16:2;[M+NH4]+;CCCCCCCC\C=C/C\C=C\CCC(=O)OC1CCC2(C)C3CCC4(C)C(CCC4C3CC=C2C1)C(C)C=CC(CC)C(C)C;JPSUOEJUCCZMQZ-LOKXEIKZNA-N;C45H74O2","664.60271","395.3672","664.6027","10.7409111111111","11.0409111111111","3736"
"","MSDIAL_SE 29:2/16:2;[M+NH4]+;CCCCCCCC\C=C/C\C=C\CCC(=O)OC1CCC2(C)C3CCC4(C)C(CCC4C3CC=C2C1)C(C)C=CC(CC)C(C)C;JPSUOEJUCCZMQZ-LOKXEIKZNA-N;C45H74O2",0,0,0,"10.4683416666667","10.7683416666667","6525","","MSDIAL_SE 29:2/16:2;[M+NH4]+;CCCCCCCC\C=C/C\C=C\CCC(=O)OC1CCC2(C)C3CCC4(C)C(CCC4C3CC=C2C1)C(C)C=CC(CC)C(C)C;JPSUOEJUCCZMQZ-LOKXEIKZNA-N;C45H74O2",0,0,0,"10.4683416666667","10.7683416666667","6525","","MSDIAL_SE 29:2/16:2;[M+NH4]+;CCCCCCCC\C=C/C\C=C\CCC(=O)OC1CCC2(C)C3CCC4(C)C(CCC4C3CC=C2C1)C(C)C=CC(CC)C(C)C;JPSUOEJUCCZMQZ-LOKXEIKZNA-N;C45H74O2",0,0,0,"10.4683416666667","10.7683416666667","6525","","MSDIAL_SE 29:2/16:2;[M+NH4]+;CCCCCCCC\C=C/C\C=C\CCC(=O)OC1CCC2(C)C3CCC4(C)C(CCC4C3CC=C2C1)C(C)C=CC(CC)C(C)C;JPSUOEJUCCZMQZ-LOKXEIKZNA-N;C45H74O2",0,0,0,"10.4683416666667","10.7683416666667","6525","","MSDIAL_SE 29:2/16:2;[M+NH4]+;CCCCCCCC\C=C/C\C=C\CCC(=O)OC1CCC2(C)C3CCC4(C)C(CCC4C3CC=C2C1)C(C)C=CC(CC)C(C)C;JPSUOEJUCCZMQZ-LOKXEIKZNA-N;C45H74O2",0,0,0,"10.4683416666667","10.7683416666667","6525","","MSDIAL_SE 29:2/16:2;[M+NH4]+;CCCCCCCC\C=C/C\C=C\CCC(=O)OC1CCC2(C)C3CCC4(C)C(CCC4C3CC=C2C1)C(C)C=CC(CC)C(C)C;JPSUOEJUCCZMQZ-LOKXEIKZNA-N;C45H74O2","664.60271","395.3672","664.6027","10.4683416666667","10.7683416666667","6525"
"","MSDIAL_SE 29:2/16:2;[M+NH4]+;CCCCCCCC\C=C/C\C=C\CCC(=O)OC1CCC2(C)C3CCC4(C)C(CCC4C3CC=C2C1)C(C)C=CC(CC)C(C)C;JPSUOEJUCCZMQZ-LOKXEIKZNA-N;C45H74O2",0,0,0,"10.6914152777778","10.9914152777778","17525","","MSDIAL_SE 29:2/16:2;[M+NH4]+;CCCCCCCC\C=C/C\C=C\CCC(=O)OC1CCC2(C)C3CCC4(C)C(CCC4C3CC=C2C1)C(C)C=CC(CC)C(C)C;JPSUOEJUCCZMQZ-LOKXEIKZNA-N;C45H74O2",0,0,0,"10.6914152777778","10.9914152777778","17525","","MSDIAL_SE 29:2/16:2;[M+NH4]+;CCCCCCCC\C=C/C\C=C\CCC(=O)OC1CCC2(C)C3CCC4(C)C(CCC4C3CC=C2C1)C(C)C=CC(CC)C(C)C;JPSUOEJUCCZMQZ-LOKXEIKZNA-N;C45H74O2",0,0,0,"10.6914152777778","10.9914152777778","17525","","MSDIAL_SE 29:2/16:2;[M+NH4]+;CCCCCCCC\C=C/C\C=C\CCC(=O)OC1CCC2(C)C3CCC4(C)C(CCC4C3CC=C2C1)C(C)C=CC(CC)C(C)C;JPSUOEJUCCZMQZ-LOKXEIKZNA-N;C45H74O2",0,0,0,"10.6914152777778","10.9914152777778","17525","","MSDIAL_SE 29:2/16:2;[M+NH4]+;CCCCCCCC\C=C/C\C=C\CCC(=O)OC1CCC2(C)C3CCC4(C)C(CCC4C3CC=C2C1)C(C)C=CC(CC)C(C)C;JPSUOEJUCCZMQZ-LOKXEIKZNA-N;C45H74O2",0,0,0,"10.6914152777778","10.9914152777778","17525","","MSDIAL_SE 29:2/16:2;[M+NH4]+;CCCCCCCC\C=C/C\C=C\CCC(=O)OC1CCC2(C)C3CCC4(C)C(CCC4C3CC=C2C1)C(C)C=CC(CC)C(C)C;JPSUOEJUCCZMQZ-LOKXEIKZNA-N;C45H74O2","664.60271","395.3672","664.6027","10.6914152777778","10.9914152777778","17525"
"","MSDIAL_SE 29:2/16:2;[M+NH4]+;CCCCCCCC\C=C/C\C=C\CCC(=O)OC1CCC2(C)C3CCC4(C)C(CCC4C3CC=C2C1)C(C)C=CC(CC)C(C)C;JPSUOEJUCCZMQZ-LOKXEIKZNA-N;C45H74O2",0,0,0,"13.5005208333333","13.8005208333333","18780","","MSDIAL_SE 29:2/16:2;[M+NH4]+;CCCCCCCC\C=C/C\C=C\CCC(=O)OC1CCC2(C)C3CCC4(C)C(CCC4C3CC=C2C1)C(C)C=CC(CC)C(C)C;JPSUOEJUCCZMQZ-LOKXEIKZNA-N;C45H74O2",0,0,0,"13.5005208333333","13.8005208333333","18780","","MSDIAL_SE 29:2/16:2;[M+NH4]+;CCCCCCCC\C=C/C\C=C\CCC(=O)OC1CCC2(C)C3CCC4(C)C(CCC4C3CC=C2C1)C(C)C=CC(CC)C(C)C;JPSUOEJUCCZMQZ-LOKXEIKZNA-N;C45H74O2",0,0,0,"13.5005208333333","13.8005208333333","18780","","MSDIAL_SE 29:2/16:2;[M+NH4]+;CCCCCCCC\C=C/C\C=C\CCC(=O)OC1CCC2(C)C3CCC4(C)C(CCC4C3CC=C2C1)C(C)C=CC(CC)C(C)C;JPSUOEJUCCZMQZ-LOKXEIKZNA-N;C45H74O2",0,0,0,"13.5005208333333","13.8005208333333","18780","","MSDIAL_SE 29:2/16:2;[M+NH4]+;CCCCCCCC\C=C/C\C=C\CCC(=O)OC1CCC2(C)C3CCC4(C)C(CCC4C3CC=C2C1)C(C)C=CC(CC)C(C)C;JPSUOEJUCCZMQZ-LOKXEIKZNA-N;C45H74O2",0,0,0,"13.5005208333333","13.8005208333333","18780","","MSDIAL_SE 29:2/16:2;[M+NH4]+;CCCCCCCC\C=C/C\C=C\CCC(=O)OC1CCC2(C)C3CCC4(C)C(CCC4C3CC=C2C1)C(C)C=CC(CC)C(C)C;JPSUOEJUCCZMQZ-LOKXEIKZNA-N;C45H74O2","664.60271","395.3672","664.6027","13.5005208333333","13.8005208333333","18780"
"","MSDIAL_SE 29:2/16:3;[M+NH4]+;CC\C=C\C=C\C=C/CCCCCCCC(=O)OC1CCC2(C)C3CCC4(C)C(CCC4C3CC=C2C1)C(C)C=CC(CC)C(C)C;HIXLRZBNGNSXCT-UFUVHKDQNA-N;C45H72O2",0,0,0,"12.4224513888889","12.7224513888889","3657","","MSDIAL_SE 29:2/16:3;[M+NH4]+;CC\C=C\C=C\C=C/CCCCCCCC(=O)OC1CCC2(C)C3CCC4(C)C(CCC4C3CC=C2C1)C(C)C=CC(CC)C(C)C;HIXLRZBNGNSXCT-UFUVHKDQNA-N;C45H72O2",0,0,0,"12.4224513888889","12.7224513888889","3657","","MSDIAL_SE 29:2/16:3;[M+NH4]+;CC\C=C\C=C\C=C/CCCCCCCC(=O)OC1CCC2(C)C3CCC4(C)C(CCC4C3CC=C2C1)C(C)C=CC(CC)C(C)C;HIXLRZBNGNSXCT-UFUVHKDQNA-N;C45H72O2",0,0,0,"12.4224513888889","12.7224513888889","3657","","MSDIAL_SE 29:2/16:3;[M+NH4]+;CC\C=C\C=C\C=C/CCCCCCCC(=O)OC1CCC2(C)C3CCC4(C)C(CCC4C3CC=C2C1)C(C)C=CC(CC)C(C)C;HIXLRZBNGNSXCT-UFUVHKDQNA-N;C45H72O2",0,0,0,"12.4224513888889","12.7224513888889","3657","","MSDIAL_SE 29:2/16:3;[M+NH4]+;CC\C=C\C=C\C=C/CCCCCCCC(=O)OC1CCC2(C)C3CCC4(C)C(CCC4C3CC=C2C1)C(C)C=CC(CC)C(C)C;HIXLRZBNGNSXCT-UFUVHKDQNA-N;C45H72O2",0,0,0,"12.4224513888889","12.7224513888889","3657","","MSDIAL_SE 29:2/16:3;[M+NH4]+;CC\C=C\C=C\C=C/CCCCCCCC(=O)OC1CCC2(C)C3CCC4(C)C(CCC4C3CC=C2C1)C(C)C=CC(CC)C(C)C;HIXLRZBNGNSXCT-UFUVHKDQNA-N;C45H72O2","662.58706","395.3672","662.5870","12.4224513888889","12.7224513888889","3657"
"","MSDIAL_SE 29:2/17:0;[M+NH4]+;CCCCCCCCCCCCCCCCC(=O)OC1CCC2(C)C3CCC4(C)C(CCC4C3CC=C2C1)C(C)C=CC(CC)C(C)C;LQFOTLXQVJWWDY-UHFFFAOYNA-N;C46H80O2",0,0,0,"5.75295","6.05295","15378","","MSDIAL_SE 29:2/17:0;[M+NH4]+;CCCCCCCCCCCCCCCCC(=O)OC1CCC2(C)C3CCC4(C)C(CCC4C3CC=C2C1)C(C)C=CC(CC)C(C)C;LQFOTLXQVJWWDY-UHFFFAOYNA-N;C46H80O2",0,0,0,"5.75295","6.05295","15378","","MSDIAL_SE 29:2/17:0;[M+NH4]+;CCCCCCCCCCCCCCCCC(=O)OC1CCC2(C)C3CCC4(C)C(CCC4C3CC=C2C1)C(C)C=CC(CC)C(C)C;LQFOTLXQVJWWDY-UHFFFAOYNA-N;C46H80O2",0,0,0,"5.75295","6.05295","15378","","MSDIAL_SE 29:2/17:0;[M+NH4]+;CCCCCCCCCCCCCCCCC(=O)OC1CCC2(C)C3CCC4(C)C(CCC4C3CC=C2C1)C(C)C=CC(CC)C(C)C;LQFOTLXQVJWWDY-UHFFFAOYNA-N;C46H80O2",0,0,0,"5.75295","6.05295","15378","","MSDIAL_SE 29:2/17:0;[M+NH4]+;CCCCCCCCCCCCCCCCC(=O)OC1CCC2(C)C3CCC4(C)C(CCC4C3CC=C2C1)C(C)C=CC(CC)C(C)C;LQFOTLXQVJWWDY-UHFFFAOYNA-N;C46H80O2",0,0,0,"5.75295","6.05295","15378","","MSDIAL_SE 29:2/17:0;[M+NH4]+;CCCCCCCCCCCCCCCCC(=O)OC1CCC2(C)C3CCC4(C)C(CCC4C3CC=C2C1)C(C)C=CC(CC)C(C)C;LQFOTLXQVJWWDY-UHFFFAOYNA-N;C46H80O2","682.64966","395.3672","682.6497","5.75295","6.05295","15378"
"","MSDIAL_SE 29:2/17:1;[M+NH4]+;CCCCCCCCC\C=C/CCCCCC(=O)OC1CCC2(C)C3CCC4(C)C(CCC4C3CC=C2C1)C(C)C=CC(CC)C(C)C;YWUAWXLGLPJVLO-CQPJMXHNNA-N;C46H78O2",0,0,0,"13.7890430555556","14.0890430555556","2482","","MSDIAL_SE 29:2/17:1;[M+NH4]+;CCCCCCCCC\C=C/CCCCCC(=O)OC1CCC2(C)C3CCC4(C)C(CCC4C3CC=C2C1)C(C)C=CC(CC)C(C)C;YWUAWXLGLPJVLO-CQPJMXHNNA-N;C46H78O2",0,0,0,"13.7890430555556","14.0890430555556","2482","","MSDIAL_SE 29:2/17:1;[M+NH4]+;CCCCCCCCC\C=C/CCCCCC(=O)OC1CCC2(C)C3CCC4(C)C(CCC4C3CC=C2C1)C(C)C=CC(CC)C(C)C;YWUAWXLGLPJVLO-CQPJMXHNNA-N;C46H78O2",0,0,0,"13.7890430555556","14.0890430555556","2482","","MSDIAL_SE 29:2/17:1;[M+NH4]+;CCCCCCCCC\C=C/CCCCCC(=O)OC1CCC2(C)C3CCC4(C)C(CCC4C3CC=C2C1)C(C)C=CC(CC)C(C)C;YWUAWXLGLPJVLO-CQPJMXHNNA-N;C46H78O2",0,0,0,"13.7890430555556","14.0890430555556","2482","","MSDIAL_SE 29:2/17:1;[M+NH4]+;CCCCCCCCC\C=C/CCCCCC(=O)OC1CCC2(C)C3CCC4(C)C(CCC4C3CC=C2C1)C(C)C=CC(CC)C(C)C;YWUAWXLGLPJVLO-CQPJMXHNNA-N;C46H78O2",0,0,0,"13.7890430555556","14.0890430555556","2482","","MSDIAL_SE 29:2/17:1;[M+NH4]+;CCCCCCCCC\C=C/CCCCCC(=O)OC1CCC2(C)C3CCC4(C)C(CCC4C3CC=C2C1)C(C)C=CC(CC)C(C)C;YWUAWXLGLPJVLO-CQPJMXHNNA-N;C46H78O2","680.63401","395.3672","680.6340","13.7890430555556","14.0890430555556","2482"
"","MSDIAL_SE 29:2/17:2;[M+NH4]+;CC\C=C\C\C=C\CCCCCCCCCC(=O)OC1CCC2(C)C3CCC4(C)C(CCC4C3CC=C2C1)C(C)C=CC(CC)C(C)C;QVOCUNVSYATIKU-YVKVVFKYNA-N;C46H76O2",0,0,0,"13.2099363636364","13.5099363636364","10112","","MSDIAL_SE 29:2/17:2;[M+NH4]+;CC\C=C\C\C=C\CCCCCCCCCC(=O)OC1CCC2(C)C3CCC4(C)C(CCC4C3CC=C2C1)C(C)C=CC(CC)C(C)C;QVOCUNVSYATIKU-YVKVVFKYNA-N;C46H76O2",0,0,0,"13.2099363636364","13.5099363636364","10112","","MSDIAL_SE 29:2/17:2;[M+NH4]+;CC\C=C\C\C=C\CCCCCCCCCC(=O)OC1CCC2(C)C3CCC4(C)C(CCC4C3CC=C2C1)C(C)C=CC(CC)C(C)C;QVOCUNVSYATIKU-YVKVVFKYNA-N;C46H76O2",0,0,0,"13.2099363636364","13.5099363636364","10112","","MSDIAL_SE 29:2/17:2;[M+NH4]+;CC\C=C\C\C=C\CCCCCCCCCC(=O)OC1CCC2(C)C3CCC4(C)C(CCC4C3CC=C2C1)C(C)C=CC(CC)C(C)C;QVOCUNVSYATIKU-YVKVVFKYNA-N;C46H76O2",0,0,0,"13.2099363636364","13.5099363636364","10112","","MSDIAL_SE 29:2/17:2;[M+NH4]+;CC\C=C\C\C=C\CCCCCCCCCC(=O)OC1CCC2(C)C3CCC4(C)C(CCC4C3CC=C2C1)C(C)C=CC(CC)C(C)C;QVOCUNVSYATIKU-YVKVVFKYNA-N;C46H76O2",0,0,0,"13.2099363636364","13.5099363636364","10112","","MSDIAL_SE 29:2/17:2;[M+NH4]+;CC\C=C\C\C=C\CCCCCCCCCC(=O)OC1CCC2(C)C3CCC4(C)C(CCC4C3CC=C2C1)C(C)C=CC(CC)C(C)C;QVOCUNVSYATIKU-YVKVVFKYNA-N;C46H76O2","678.61836","395.3672","678.6183","13.2099363636364","13.5099363636364","10112"
"","MSDIAL_SE 29:2/18:1;[M+NH4]+;CCCCCC\C=C/CCCCCCCCCC(=O)OC1CCC2(C)C3CCC4(C)C(CCC4C3CC=C2C1)C(C)C=CC(CC)C(C)C;LTPMBQFZPHXNJQ-ZRBLHNNDNA-N;C47H80O2",0,0,0,"14.2394166666667","14.5394166666667","1707","","MSDIAL_SE 29:2/18:1;[M+NH4]+;CCCCCC\C=C/CCCCCCCCCC(=O)OC1CCC2(C)C3CCC4(C)C(CCC4C3CC=C2C1)C(C)C=CC(CC)C(C)C;LTPMBQFZPHXNJQ-ZRBLHNNDNA-N;C47H80O2",0,0,0,"14.2394166666667","14.5394166666667","1707","","MSDIAL_SE 29:2/18:1;[M+NH4]+;CCCCCC\C=C/CCCCCCCCCC(=O)OC1CCC2(C)C3CCC4(C)C(CCC4C3CC=C2C1)C(C)C=CC(CC)C(C)C;LTPMBQFZPHXNJQ-ZRBLHNNDNA-N;C47H80O2",0,0,0,"14.2394166666667","14.5394166666667","1707","","MSDIAL_SE 29:2/18:1;[M+NH4]+;CCCCCC\C=C/CCCCCCCCCC(=O)OC1CCC2(C)C3CCC4(C)C(CCC4C3CC=C2C1)C(C)C=CC(CC)C(C)C;LTPMBQFZPHXNJQ-ZRBLHNNDNA-N;C47H80O2",0,0,0,"14.2394166666667","14.5394166666667","1707","","MSDIAL_SE 29:2/18:1;[M+NH4]+;CCCCCC\C=C/CCCCCCCCCC(=O)OC1CCC2(C)C3CCC4(C)C(CCC4C3CC=C2C1)C(C)C=CC(CC)C(C)C;LTPMBQFZPHXNJQ-ZRBLHNNDNA-N;C47H80O2",0,0,0,"14.2394166666667","14.5394166666667","1707","","MSDIAL_SE 29:2/18:1;[M+NH4]+;CCCCCC\C=C/CCCCCCCCCC(=O)OC1CCC2(C)C3CCC4(C)C(CCC4C3CC=C2C1)C(C)C=CC(CC)C(C)C;LTPMBQFZPHXNJQ-ZRBLHNNDNA-N;C47H80O2","694.64966","395.3672","694.6497","14.2394166666667","14.5394166666667","1707"
"","MSDIAL_SE 29:2/18:2;[M+NH4]+;CCCCC\C=C\C=C\CCCCCCCCC(=O)OC1CCC2(C)C3CCC4(C)C(CCC4C3CC=C2C1)C(C)C=CC(CC)C(C)C;WMMBMZBOWDZYOU-RJZTVXSDNA-N;C47H78O2",0,1,0,"13.6888430555556","13.9888430555556","191","","MSDIAL_SE 29:2/18:2;[M+NH4]+;CCCCC\C=C\C=C\CCCCCCCCC(=O)OC1CCC2(C)C3CCC4(C)C(CCC4C3CC=C2C1)C(C)C=CC(CC)C(C)C;WMMBMZBOWDZYOU-RJZTVXSDNA-N;C47H78O2",0,13.81749,0,"13.6888430555556","13.9888430555556","191","","MSDIAL_SE 29:2/18:2;[M+NH4]+;CCCCC\C=C\C=C\CCCCCCCCC(=O)OC1CCC2(C)C3CCC4(C)C(CCC4C3CC=C2C1)C(C)C=CC(CC)C(C)C;WMMBMZBOWDZYOU-RJZTVXSDNA-N;C47H78O2",0,2,0,"13.6888430555556","13.9888430555556","191","","MSDIAL_SE 29:2/18:2;[M+NH4]+;CCCCC\C=C\C=C\CCCCCCCCC(=O)OC1CCC2(C)C3CCC4(C)C(CCC4C3CC=C2C1)C(C)C=CC(CC)C(C)C;WMMBMZBOWDZYOU-RJZTVXSDNA-N;C47H78O2",0,3317.774,0,"13.6888430555556","13.9888430555556","191","","MSDIAL_SE 29:2/18:2;[M+NH4]+;CCCCC\C=C\C=C\CCCCCCCCC(=O)OC1CCC2(C)C3CCC4(C)C(CCC4C3CC=C2C1)C(C)C=CC(CC)C(C)C;WMMBMZBOWDZYOU-RJZTVXSDNA-N;C47H78O2",0,395.36765,0,"13.6888430555556","13.9888430555556","191","","MSDIAL_SE 29:2/18:2;[M+NH4]+;CCCCC\C=C\C=C\CCCCCCCCC(=O)OC1CCC2(C)C3CCC4(C)C(CCC4C3CC=C2C1)C(C)C=CC(CC)C(C)C;WMMBMZBOWDZYOU-RJZTVXSDNA-N;C47H78O2","692.63401","395.3672","692.6340","13.6888430555556","13.9888430555556","191"
"","MSDIAL_SE 29:2/18:2;[M+NH4]+;CCCCC\C=C\C=C\CCCCCCCCC(=O)OC1CCC2(C)C3CCC4(C)C(CCC4C3CC=C2C1)C(C)C=CC(CC)C(C)C;WMMBMZBOWDZYOU-RJZTVXSDNA-N;C47H78O2",0,0,0,"14.2662083333333","14.5662083333333","16667","","MSDIAL_SE 29:2/18:2;[M+NH4]+;CCCCC\C=C\C=C\CCCCCCCCC(=O)OC1CCC2(C)C3CCC4(C)C(CCC4C3CC=C2C1)C(C)C=CC(CC)C(C)C;WMMBMZBOWDZYOU-RJZTVXSDNA-N;C47H78O2",0,0,0,"14.2662083333333","14.5662083333333","16667","","MSDIAL_SE 29:2/18:2;[M+NH4]+;CCCCC\C=C\C=C\CCCCCCCCC(=O)OC1CCC2(C)C3CCC4(C)C(CCC4C3CC=C2C1)C(C)C=CC(CC)C(C)C;WMMBMZBOWDZYOU-RJZTVXSDNA-N;C47H78O2",0,0,0,"14.2662083333333","14.5662083333333","16667","","MSDIAL_SE 29:2/18:2;[M+NH4]+;CCCCC\C=C\C=C\CCCCCCCCC(=O)OC1CCC2(C)C3CCC4(C)C(CCC4C3CC=C2C1)C(C)C=CC(CC)C(C)C;WMMBMZBOWDZYOU-RJZTVXSDNA-N;C47H78O2",0,0,0,"14.2662083333333","14.5662083333333","16667","","MSDIAL_SE 29:2/18:2;[M+NH4]+;CCCCC\C=C\C=C\CCCCCCCCC(=O)OC1CCC2(C)C3CCC4(C)C(CCC4C3CC=C2C1)C(C)C=CC(CC)C(C)C;WMMBMZBOWDZYOU-RJZTVXSDNA-N;C47H78O2",0,0,0,"14.2662083333333","14.5662083333333","16667","","MSDIAL_SE 29:2/18:2;[M+NH4]+;CCCCC\C=C\C=C\CCCCCCCCC(=O)OC1CCC2(C)C3CCC4(C)C(CCC4C3CC=C2C1)C(C)C=CC(CC)C(C)C;WMMBMZBOWDZYOU-RJZTVXSDNA-N;C47H78O2","692.63401","395.3672","692.6340","14.2662083333333","14.5662083333333","16667"
"","MSDIAL_SE 29:2/18:3;[M+NH4]+;CC\C=C\C=C\C=C\CCCCCCCCCC(=O)OC1CCC2(C)C3CCC4(C)C(CCC4C3CC=C2C1)C(C)C=CC(CC)C(C)C;NAQJJDCCWCNYTC-YXOWPBIZNA-N;C47H76O2",0,0,0,"13.2103736111111","13.5103736111111","52","","MSDIAL_SE 29:2/18:3;[M+NH4]+;CC\C=C\C=C\C=C\CCCCCCCCCC(=O)OC1CCC2(C)C3CCC4(C)C(CCC4C3CC=C2C1)C(C)C=CC(CC)C(C)C;NAQJJDCCWCNYTC-YXOWPBIZNA-N;C47H76O2",0,0,0,"13.2103736111111","13.5103736111111","52","","MSDIAL_SE 29:2/18:3;[M+NH4]+;CC\C=C\C=C\C=C\CCCCCCCCCC(=O)OC1CCC2(C)C3CCC4(C)C(CCC4C3CC=C2C1)C(C)C=CC(CC)C(C)C;NAQJJDCCWCNYTC-YXOWPBIZNA-N;C47H76O2",0,0,0,"13.2103736111111","13.5103736111111","52","","MSDIAL_SE 29:2/18:3;[M+NH4]+;CC\C=C\C=C\C=C\CCCCCCCCCC(=O)OC1CCC2(C)C3CCC4(C)C(CCC4C3CC=C2C1)C(C)C=CC(CC)C(C)C;NAQJJDCCWCNYTC-YXOWPBIZNA-N;C47H76O2",0,0,0,"13.2103736111111","13.5103736111111","52","","MSDIAL_SE 29:2/18:3;[M+NH4]+;CC\C=C\C=C\C=C\CCCCCCCCCC(=O)OC1CCC2(C)C3CCC4(C)C(CCC4C3CC=C2C1)C(C)C=CC(CC)C(C)C;NAQJJDCCWCNYTC-YXOWPBIZNA-N;C47H76O2",0,0,0,"13.2103736111111","13.5103736111111","52","","MSDIAL_SE 29:2/18:3;[M+NH4]+;CC\C=C\C=C\C=C\CCCCCCCCCC(=O)OC1CCC2(C)C3CCC4(C)C(CCC4C3CC=C2C1)C(C)C=CC(CC)C(C)C;NAQJJDCCWCNYTC-YXOWPBIZNA-N;C47H76O2","690.61836","395.3672","690.6183","13.2103736111111","13.5103736111111","52"
"","MSDIAL_SE 29:2/18:3;[M+NH4]+;CC\C=C\C=C\C=C\CCCCCCCCCC(=O)OC1CCC2(C)C3CCC4(C)C(CCC4C3CC=C2C1)C(C)C=CC(CC)C(C)C;NAQJJDCCWCNYTC-YXOWPBIZNA-N;C47H76O2",0,0,0,"13.4925486111111","13.7925486111111","869","","MSDIAL_SE 29:2/18:3;[M+NH4]+;CC\C=C\C=C\C=C\CCCCCCCCCC(=O)OC1CCC2(C)C3CCC4(C)C(CCC4C3CC=C2C1)C(C)C=CC(CC)C(C)C;NAQJJDCCWCNYTC-YXOWPBIZNA-N;C47H76O2",0,0,0,"13.4925486111111","13.7925486111111","869","","MSDIAL_SE 29:2/18:3;[M+NH4]+;CC\C=C\C=C\C=C\CCCCCCCCCC(=O)OC1CCC2(C)C3CCC4(C)C(CCC4C3CC=C2C1)C(C)C=CC(CC)C(C)C;NAQJJDCCWCNYTC-YXOWPBIZNA-N;C47H76O2",0,0,0,"13.4925486111111","13.7925486111111","869","","MSDIAL_SE 29:2/18:3;[M+NH4]+;CC\C=C\C=C\C=C\CCCCCCCCCC(=O)OC1CCC2(C)C3CCC4(C)C(CCC4C3CC=C2C1)C(C)C=CC(CC)C(C)C;NAQJJDCCWCNYTC-YXOWPBIZNA-N;C47H76O2",0,0,0,"13.4925486111111","13.7925486111111","869","","MSDIAL_SE 29:2/18:3;[M+NH4]+;CC\C=C\C=C\C=C\CCCCCCCCCC(=O)OC1CCC2(C)C3CCC4(C)C(CCC4C3CC=C2C1)C(C)C=CC(CC)C(C)C;NAQJJDCCWCNYTC-YXOWPBIZNA-N;C47H76O2",0,0,0,"13.4925486111111","13.7925486111111","869","","MSDIAL_SE 29:2/18:3;[M+NH4]+;CC\C=C\C=C\C=C\CCCCCCCCCC(=O)OC1CCC2(C)C3CCC4(C)C(CCC4C3CC=C2C1)C(C)C=CC(CC)C(C)C;NAQJJDCCWCNYTC-YXOWPBIZNA-N;C47H76O2","690.61836","395.3672","690.6183","13.4925486111111","13.7925486111111","869"
"","MSDIAL_SE 29:2/18:4;[M+NH4]+;CC\C=C\C=C\C=C\C=C/CCCCCCCC(=O)OC1CCC2(C)C3CCC4(C)C(CCC4C3CC=C2C1)C(C)C=CC(CC)C(C)C;FAZWYMQMOJTJDJ-JVFFNCFJNA-N;C47H74O2",0,0,0,"12.6259430555556","12.9259430555556","202","","MSDIAL_SE 29:2/18:4;[M+NH4]+;CC\C=C\C=C\C=C\C=C/CCCCCCCC(=O)OC1CCC2(C)C3CCC4(C)C(CCC4C3CC=C2C1)C(C)C=CC(CC)C(C)C;FAZWYMQMOJTJDJ-JVFFNCFJNA-N;C47H74O2",0,0,0,"12.6259430555556","12.9259430555556","202","","MSDIAL_SE 29:2/18:4;[M+NH4]+;CC\C=C\C=C\C=C\C=C/CCCCCCCC(=O)OC1CCC2(C)C3CCC4(C)C(CCC4C3CC=C2C1)C(C)C=CC(CC)C(C)C;FAZWYMQMOJTJDJ-JVFFNCFJNA-N;C47H74O2",0,0,0,"12.6259430555556","12.9259430555556","202","","MSDIAL_SE 29:2/18:4;[M+NH4]+;CC\C=C\C=C\C=C\C=C/CCCCCCCC(=O)OC1CCC2(C)C3CCC4(C)C(CCC4C3CC=C2C1)C(C)C=CC(CC)C(C)C;FAZWYMQMOJTJDJ-JVFFNCFJNA-N;C47H74O2",0,0,0,"12.6259430555556","12.9259430555556","202","","MSDIAL_SE 29:2/18:4;[M+NH4]+;CC\C=C\C=C\C=C\C=C/CCCCCCCC(=O)OC1CCC2(C)C3CCC4(C)C(CCC4C3CC=C2C1)C(C)C=CC(CC)C(C)C;FAZWYMQMOJTJDJ-JVFFNCFJNA-N;C47H74O2",0,0,0,"12.6259430555556","12.9259430555556","202","","MSDIAL_SE 29:2/18:4;[M+NH4]+;CC\C=C\C=C\C=C\C=C/CCCCCCCC(=O)OC1CCC2(C)C3CCC4(C)C(CCC4C3CC=C2C1)C(C)C=CC(CC)C(C)C;FAZWYMQMOJTJDJ-JVFFNCFJNA-N;C47H74O2","688.60271","395.3672","688.6027","12.6259430555556","12.9259430555556","202"
"","MSDIAL_SE 29:2/18:4;[M+NH4]+;CC\C=C\C=C\C=C\C=C/CCCCCCCC(=O)OC1CCC2(C)C3CCC4(C)C(CCC4C3CC=C2C1)C(C)C=CC(CC)C(C)C;FAZWYMQMOJTJDJ-JVFFNCFJNA-N;C47H74O2",0,0,0,"11.2967216666667","11.5967216666667","15264","","MSDIAL_SE 29:2/18:4;[M+NH4]+;CC\C=C\C=C\C=C\C=C/CCCCCCCC(=O)OC1CCC2(C)C3CCC4(C)C(CCC4C3CC=C2C1)C(C)C=CC(CC)C(C)C;FAZWYMQMOJTJDJ-JVFFNCFJNA-N;C47H74O2",0,0,0,"11.2967216666667","11.5967216666667","15264","","MSDIAL_SE 29:2/18:4;[M+NH4]+;CC\C=C\C=C\C=C\C=C/CCCCCCCC(=O)OC1CCC2(C)C3CCC4(C)C(CCC4C3CC=C2C1)C(C)C=CC(CC)C(C)C;FAZWYMQMOJTJDJ-JVFFNCFJNA-N;C47H74O2",0,0,0,"11.2967216666667","11.5967216666667","15264","","MSDIAL_SE 29:2/18:4;[M+NH4]+;CC\C=C\C=C\C=C\C=C/CCCCCCCC(=O)OC1CCC2(C)C3CCC4(C)C(CCC4C3CC=C2C1)C(C)C=CC(CC)C(C)C;FAZWYMQMOJTJDJ-JVFFNCFJNA-N;C47H74O2",0,0,0,"11.2967216666667","11.5967216666667","15264","","MSDIAL_SE 29:2/18:4;[M+NH4]+;CC\C=C\C=C\C=C\C=C/CCCCCCCC(=O)OC1CCC2(C)C3CCC4(C)C(CCC4C3CC=C2C1)C(C)C=CC(CC)C(C)C;FAZWYMQMOJTJDJ-JVFFNCFJNA-N;C47H74O2",0,0,0,"11.2967216666667","11.5967216666667","15264","","MSDIAL_SE 29:2/18:4;[M+NH4]+;CC\C=C\C=C\C=C\C=C/CCCCCCCC(=O)OC1CCC2(C)C3CCC4(C)C(CCC4C3CC=C2C1)C(C)C=CC(CC)C(C)C;FAZWYMQMOJTJDJ-JVFFNCFJNA-N;C47H74O2","688.60271","395.3672","688.6027","11.2967216666667","11.5967216666667","15264"
"","MSDIAL_SE 29:2/18:4;[M+NH4]+;CC\C=C\C=C\C=C\C=C/CCCCCCCC(=O)OC1CCC2(C)C3CCC4(C)C(CCC4C3CC=C2C1)C(C)C=CC(CC)C(C)C;FAZWYMQMOJTJDJ-JVFFNCFJNA-N;C47H74O2",0,0,0,"10.718030952381","11.018030952381","15891","","MSDIAL_SE 29:2/18:4;[M+NH4]+;CC\C=C\C=C\C=C\C=C/CCCCCCCC(=O)OC1CCC2(C)C3CCC4(C)C(CCC4C3CC=C2C1)C(C)C=CC(CC)C(C)C;FAZWYMQMOJTJDJ-JVFFNCFJNA-N;C47H74O2",0,0,0,"10.718030952381","11.018030952381","15891","","MSDIAL_SE 29:2/18:4;[M+NH4]+;CC\C=C\C=C\C=C\C=C/CCCCCCCC(=O)OC1CCC2(C)C3CCC4(C)C(CCC4C3CC=C2C1)C(C)C=CC(CC)C(C)C;FAZWYMQMOJTJDJ-JVFFNCFJNA-N;C47H74O2",0,0,0,"10.718030952381","11.018030952381","15891","","MSDIAL_SE 29:2/18:4;[M+NH4]+;CC\C=C\C=C\C=C\C=C/CCCCCCCC(=O)OC1CCC2(C)C3CCC4(C)C(CCC4C3CC=C2C1)C(C)C=CC(CC)C(C)C;FAZWYMQMOJTJDJ-JVFFNCFJNA-N;C47H74O2",0,0,0,"10.718030952381","11.018030952381","15891","","MSDIAL_SE 29:2/18:4;[M+NH4]+;CC\C=C\C=C\C=C\C=C/CCCCCCCC(=O)OC1CCC2(C)C3CCC4(C)C(CCC4C3CC=C2C1)C(C)C=CC(CC)C(C)C;FAZWYMQMOJTJDJ-JVFFNCFJNA-N;C47H74O2",0,0,0,"10.718030952381","11.018030952381","15891","","MSDIAL_SE 29:2/18:4;[M+NH4]+;CC\C=C\C=C\C=C\C=C/CCCCCCCC(=O)OC1CCC2(C)C3CCC4(C)C(CCC4C3CC=C2C1)C(C)C=CC(CC)C(C)C;FAZWYMQMOJTJDJ-JVFFNCFJNA-N;C47H74O2","688.60271","395.3672","688.6027","10.718030952381","11.018030952381","15891"
"","MSDIAL_SE 29:2/18:5;[M+NH4]+;CC\C=C\C=C\C=C/C=C\C=C\CCCCCC(=O)OC1CCC2(C)C3CCC4(C)C(CCC4C3CC=C2C1)C(C)C=CC(CC)C(C)C;QVZFZYGQBRVYIX-JCIMSHJTNA-N;C47H72O2",0,0,0,"10.5162472222222","10.8162472222222","7032","","MSDIAL_SE 29:2/18:5;[M+NH4]+;CC\C=C\C=C\C=C/C=C\C=C\CCCCCC(=O)OC1CCC2(C)C3CCC4(C)C(CCC4C3CC=C2C1)C(C)C=CC(CC)C(C)C;QVZFZYGQBRVYIX-JCIMSHJTNA-N;C47H72O2",0,0,0,"10.5162472222222","10.8162472222222","7032","","MSDIAL_SE 29:2/18:5;[M+NH4]+;CC\C=C\C=C\C=C/C=C\C=C\CCCCCC(=O)OC1CCC2(C)C3CCC4(C)C(CCC4C3CC=C2C1)C(C)C=CC(CC)C(C)C;QVZFZYGQBRVYIX-JCIMSHJTNA-N;C47H72O2",0,0,0,"10.5162472222222","10.8162472222222","7032","","MSDIAL_SE 29:2/18:5;[M+NH4]+;CC\C=C\C=C\C=C/C=C\C=C\CCCCCC(=O)OC1CCC2(C)C3CCC4(C)C(CCC4C3CC=C2C1)C(C)C=CC(CC)C(C)C;QVZFZYGQBRVYIX-JCIMSHJTNA-N;C47H72O2",0,0,0,"10.5162472222222","10.8162472222222","7032","","MSDIAL_SE 29:2/18:5;[M+NH4]+;CC\C=C\C=C\C=C/C=C\C=C\CCCCCC(=O)OC1CCC2(C)C3CCC4(C)C(CCC4C3CC=C2C1)C(C)C=CC(CC)C(C)C;QVZFZYGQBRVYIX-JCIMSHJTNA-N;C47H72O2",0,0,0,"10.5162472222222","10.8162472222222","7032","","MSDIAL_SE 29:2/18:5;[M+NH4]+;CC\C=C\C=C\C=C/C=C\C=C\CCCCCC(=O)OC1CCC2(C)C3CCC4(C)C(CCC4C3CC=C2C1)C(C)C=CC(CC)C(C)C;QVZFZYGQBRVYIX-JCIMSHJTNA-N;C47H72O2","686.58706","395.3672","686.5870","10.5162472222222","10.8162472222222","7032"
"","MSDIAL_SE 29:2/18:5;[M+NH4]+;CC\C=C\C=C\C=C/C=C\C=C\CCCCCC(=O)OC1CCC2(C)C3CCC4(C)C(CCC4C3CC=C2C1)C(C)C=CC(CC)C(C)C;QVZFZYGQBRVYIX-JCIMSHJTNA-N;C47H72O2",0,0,0,"11.9076777777778","12.2076777777778","14222","","MSDIAL_SE 29:2/18:5;[M+NH4]+;CC\C=C\C=C\C=C/C=C\C=C\CCCCCC(=O)OC1CCC2(C)C3CCC4(C)C(CCC4C3CC=C2C1)C(C)C=CC(CC)C(C)C;QVZFZYGQBRVYIX-JCIMSHJTNA-N;C47H72O2",0,0,0,"11.9076777777778","12.2076777777778","14222","","MSDIAL_SE 29:2/18:5;[M+NH4]+;CC\C=C\C=C\C=C/C=C\C=C\CCCCCC(=O)OC1CCC2(C)C3CCC4(C)C(CCC4C3CC=C2C1)C(C)C=CC(CC)C(C)C;QVZFZYGQBRVYIX-JCIMSHJTNA-N;C47H72O2",0,0,0,"11.9076777777778","12.2076777777778","14222","","MSDIAL_SE 29:2/18:5;[M+NH4]+;CC\C=C\C=C\C=C/C=C\C=C\CCCCCC(=O)OC1CCC2(C)C3CCC4(C)C(CCC4C3CC=C2C1)C(C)C=CC(CC)C(C)C;QVZFZYGQBRVYIX-JCIMSHJTNA-N;C47H72O2",0,0,0,"11.9076777777778","12.2076777777778","14222","","MSDIAL_SE 29:2/18:5;[M+NH4]+;CC\C=C\C=C\C=C/C=C\C=C\CCCCCC(=O)OC1CCC2(C)C3CCC4(C)C(CCC4C3CC=C2C1)C(C)C=CC(CC)C(C)C;QVZFZYGQBRVYIX-JCIMSHJTNA-N;C47H72O2",0,0,0,"11.9076777777778","12.2076777777778","14222","","MSDIAL_SE 29:2/18:5;[M+NH4]+;CC\C=C\C=C\C=C/C=C\C=C\CCCCCC(=O)OC1CCC2(C)C3CCC4(C)C(CCC4C3CC=C2C1)C(C)C=CC(CC)C(C)C;QVZFZYGQBRVYIX-JCIMSHJTNA-N;C47H72O2","686.58706","395.3672","686.5870","11.9076777777778","12.2076777777778","14222"
"","MSDIAL_SE 29:2/18:5;[M+NH4]+;CC\C=C\C=C\C=C/C=C\C=C\CCCCCC(=O)OC1CCC2(C)C3CCC4(C)C(CCC4C3CC=C2C1)C(C)C=CC(CC)C(C)C;QVZFZYGQBRVYIX-JCIMSHJTNA-N;C47H72O2",0,0,0,"12.0878013888889","12.3878013888889","19211","","MSDIAL_SE 29:2/18:5;[M+NH4]+;CC\C=C\C=C\C=C/C=C\C=C\CCCCCC(=O)OC1CCC2(C)C3CCC4(C)C(CCC4C3CC=C2C1)C(C)C=CC(CC)C(C)C;QVZFZYGQBRVYIX-JCIMSHJTNA-N;C47H72O2",0,0,0,"12.0878013888889","12.3878013888889","19211","","MSDIAL_SE 29:2/18:5;[M+NH4]+;CC\C=C\C=C\C=C/C=C\C=C\CCCCCC(=O)OC1CCC2(C)C3CCC4(C)C(CCC4C3CC=C2C1)C(C)C=CC(CC)C(C)C;QVZFZYGQBRVYIX-JCIMSHJTNA-N;C47H72O2",0,0,0,"12.0878013888889","12.3878013888889","19211","","MSDIAL_SE 29:2/18:5;[M+NH4]+;CC\C=C\C=C\C=C/C=C\C=C\CCCCCC(=O)OC1CCC2(C)C3CCC4(C)C(CCC4C3CC=C2C1)C(C)C=CC(CC)C(C)C;QVZFZYGQBRVYIX-JCIMSHJTNA-N;C47H72O2",0,0,0,"12.0878013888889","12.3878013888889","19211","","MSDIAL_SE 29:2/18:5;[M+NH4]+;CC\C=C\C=C\C=C/C=C\C=C\CCCCCC(=O)OC1CCC2(C)C3CCC4(C)C(CCC4C3CC=C2C1)C(C)C=CC(CC)C(C)C;QVZFZYGQBRVYIX-JCIMSHJTNA-N;C47H72O2",0,0,0,"12.0878013888889","12.3878013888889","19211","","MSDIAL_SE 29:2/18:5;[M+NH4]+;CC\C=C\C=C\C=C/C=C\C=C\CCCCCC(=O)OC1CCC2(C)C3CCC4(C)C(CCC4C3CC=C2C1)C(C)C=CC(CC)C(C)C;QVZFZYGQBRVYIX-JCIMSHJTNA-N;C47H72O2","686.58706","395.3672","686.5870","12.0878013888889","12.3878013888889","19211"
"","MSDIAL_SE 29:2/19:2;[M+NH4]+;CCCCCCCCC\C=C\C=C\CCCCCC(=O)OC1CCC2(C)C3CCC4(C)C(CCC4C3CC=C2C1)C(C)C=CC(CC)C(C)C;VOYAYLBVOMGFOF-CUBWDPGUNA-N;C48H80O2",0,0,0,"12.1068138888889","12.4068138888889","8029","","MSDIAL_SE 29:2/19:2;[M+NH4]+;CCCCCCCCC\C=C\C=C\CCCCCC(=O)OC1CCC2(C)C3CCC4(C)C(CCC4C3CC=C2C1)C(C)C=CC(CC)C(C)C;VOYAYLBVOMGFOF-CUBWDPGUNA-N;C48H80O2",0,0,0,"12.1068138888889","12.4068138888889","8029","","MSDIAL_SE 29:2/19:2;[M+NH4]+;CCCCCCCCC\C=C\C=C\CCCCCC(=O)OC1CCC2(C)C3CCC4(C)C(CCC4C3CC=C2C1)C(C)C=CC(CC)C(C)C;VOYAYLBVOMGFOF-CUBWDPGUNA-N;C48H80O2",0,0,0,"12.1068138888889","12.4068138888889","8029","","MSDIAL_SE 29:2/19:2;[M+NH4]+;CCCCCCCCC\C=C\C=C\CCCCCC(=O)OC1CCC2(C)C3CCC4(C)C(CCC4C3CC=C2C1)C(C)C=CC(CC)C(C)C;VOYAYLBVOMGFOF-CUBWDPGUNA-N;C48H80O2",0,0,0,"12.1068138888889","12.4068138888889","8029","","MSDIAL_SE 29:2/19:2;[M+NH4]+;CCCCCCCCC\C=C\C=C\CCCCCC(=O)OC1CCC2(C)C3CCC4(C)C(CCC4C3CC=C2C1)C(C)C=CC(CC)C(C)C;VOYAYLBVOMGFOF-CUBWDPGUNA-N;C48H80O2",0,0,0,"12.1068138888889","12.4068138888889","8029","","MSDIAL_SE 29:2/19:2;[M+NH4]+;CCCCCCCCC\C=C\C=C\CCCCCC(=O)OC1CCC2(C)C3CCC4(C)C(CCC4C3CC=C2C1)C(C)C=CC(CC)C(C)C;VOYAYLBVOMGFOF-CUBWDPGUNA-N;C48H80O2","706.64966","395.3672","706.6497","12.1068138888889","12.4068138888889","8029"
"","MSDIAL_SE 29:2/20:3;[M+NH4]+;CCCCC\C=C/C\C=C/C\C=C/CCCCCCC(=O)OC1CCC2(C)C3CCC4(C)C(CCC4C3CC=C2C1)C(C)C=CC(CC)C(C)C;HRKYUGNWQFZZCE-BKLNYEQDNA-N;C49H80O2",0,0,0,"13.7481194444444","14.0481194444444","1783","","MSDIAL_SE 29:2/20:3;[M+NH4]+;CCCCC\C=C/C\C=C/C\C=C/CCCCCCC(=O)OC1CCC2(C)C3CCC4(C)C(CCC4C3CC=C2C1)C(C)C=CC(CC)C(C)C;HRKYUGNWQFZZCE-BKLNYEQDNA-N;C49H80O2",0,0,0,"13.7481194444444","14.0481194444444","1783","","MSDIAL_SE 29:2/20:3;[M+NH4]+;CCCCC\C=C/C\C=C/C\C=C/CCCCCCC(=O)OC1CCC2(C)C3CCC4(C)C(CCC4C3CC=C2C1)C(C)C=CC(CC)C(C)C;HRKYUGNWQFZZCE-BKLNYEQDNA-N;C49H80O2",0,0,0,"13.7481194444444","14.0481194444444","1783","","MSDIAL_SE 29:2/20:3;[M+NH4]+;CCCCC\C=C/C\C=C/C\C=C/CCCCCCC(=O)OC1CCC2(C)C3CCC4(C)C(CCC4C3CC=C2C1)C(C)C=CC(CC)C(C)C;HRKYUGNWQFZZCE-BKLNYEQDNA-N;C49H80O2",0,0,0,"13.7481194444444","14.0481194444444","1783","","MSDIAL_SE 29:2/20:3;[M+NH4]+;CCCCC\C=C/C\C=C/C\C=C/CCCCCCC(=O)OC1CCC2(C)C3CCC4(C)C(CCC4C3CC=C2C1)C(C)C=CC(CC)C(C)C;HRKYUGNWQFZZCE-BKLNYEQDNA-N;C49H80O2",0,0,0,"13.7481194444444","14.0481194444444","1783","","MSDIAL_SE 29:2/20:3;[M+NH4]+;CCCCC\C=C/C\C=C/C\C=C/CCCCCCC(=O)OC1CCC2(C)C3CCC4(C)C(CCC4C3CC=C2C1)C(C)C=CC(CC)C(C)C;HRKYUGNWQFZZCE-BKLNYEQDNA-N;C49H80O2","718.64966","395.3672","718.6497","13.7481194444444","14.0481194444444","1783"
"","MSDIAL_SE 29:2/20:4;[M+NH4]+;CCCCC\C=C/C\C=C/C\C=C/C\C=C/CCCC(=O)OC1CCC2(C)C3CCC4(C)C(CCC4C3CC=C2C1)C(C)C=CC(CC)C(C)C;MBQZDKWZIKLRLZ-IQDWKTFINA-N;C49H78O2",0,0,0,"13.2412","13.5412","1065","","MSDIAL_SE 29:2/20:4;[M+NH4]+;CCCCC\C=C/C\C=C/C\C=C/C\C=C/CCCC(=O)OC1CCC2(C)C3CCC4(C)C(CCC4C3CC=C2C1)C(C)C=CC(CC)C(C)C;MBQZDKWZIKLRLZ-IQDWKTFINA-N;C49H78O2",0,0,0,"13.2412","13.5412","1065","","MSDIAL_SE 29:2/20:4;[M+NH4]+;CCCCC\C=C/C\C=C/C\C=C/C\C=C/CCCC(=O)OC1CCC2(C)C3CCC4(C)C(CCC4C3CC=C2C1)C(C)C=CC(CC)C(C)C;MBQZDKWZIKLRLZ-IQDWKTFINA-N;C49H78O2",0,0,0,"13.2412","13.5412","1065","","MSDIAL_SE 29:2/20:4;[M+NH4]+;CCCCC\C=C/C\C=C/C\C=C/C\C=C/CCCC(=O)OC1CCC2(C)C3CCC4(C)C(CCC4C3CC=C2C1)C(C)C=CC(CC)C(C)C;MBQZDKWZIKLRLZ-IQDWKTFINA-N;C49H78O2",0,0,0,"13.2412","13.5412","1065","","MSDIAL_SE 29:2/20:4;[M+NH4]+;CCCCC\C=C/C\C=C/C\C=C/C\C=C/CCCC(=O)OC1CCC2(C)C3CCC4(C)C(CCC4C3CC=C2C1)C(C)C=CC(CC)C(C)C;MBQZDKWZIKLRLZ-IQDWKTFINA-N;C49H78O2",0,0,0,"13.2412","13.5412","1065","","MSDIAL_SE 29:2/20:4;[M+NH4]+;CCCCC\C=C/C\C=C/C\C=C/C\C=C/CCCC(=O)OC1CCC2(C)C3CCC4(C)C(CCC4C3CC=C2C1)C(C)C=CC(CC)C(C)C;MBQZDKWZIKLRLZ-IQDWKTFINA-N;C49H78O2","716.63401","395.3672","716.6340","13.2412","13.5412","1065"
"","MSDIAL_SE 29:2/20:4;[M+NH4]+;CCCCC\C=C/C\C=C/C\C=C/C\C=C/CCCC(=O)OC1CCC2(C)C3CCC4(C)C(CCC4C3CC=C2C1)C(C)C=CC(CC)C(C)C;MBQZDKWZIKLRLZ-IQDWKTFINA-N;C49H78O2",0,0,0,"13.474725","13.774725","1359","","MSDIAL_SE 29:2/20:4;[M+NH4]+;CCCCC\C=C/C\C=C/C\C=C/C\C=C/CCCC(=O)OC1CCC2(C)C3CCC4(C)C(CCC4C3CC=C2C1)C(C)C=CC(CC)C(C)C;MBQZDKWZIKLRLZ-IQDWKTFINA-N;C49H78O2",0,0,0,"13.474725","13.774725","1359","","MSDIAL_SE 29:2/20:4;[M+NH4]+;CCCCC\C=C/C\C=C/C\C=C/C\C=C/CCCC(=O)OC1CCC2(C)C3CCC4(C)C(CCC4C3CC=C2C1)C(C)C=CC(CC)C(C)C;MBQZDKWZIKLRLZ-IQDWKTFINA-N;C49H78O2",0,0,0,"13.474725","13.774725","1359","","MSDIAL_SE 29:2/20:4;[M+NH4]+;CCCCC\C=C/C\C=C/C\C=C/C\C=C/CCCC(=O)OC1CCC2(C)C3CCC4(C)C(CCC4C3CC=C2C1)C(C)C=CC(CC)C(C)C;MBQZDKWZIKLRLZ-IQDWKTFINA-N;C49H78O2",0,0,0,"13.474725","13.774725","1359","","MSDIAL_SE 29:2/20:4;[M+NH4]+;CCCCC\C=C/C\C=C/C\C=C/C\C=C/CCCC(=O)OC1CCC2(C)C3CCC4(C)C(CCC4C3CC=C2C1)C(C)C=CC(CC)C(C)C;MBQZDKWZIKLRLZ-IQDWKTFINA-N;C49H78O2",0,0,0,"13.474725","13.774725","1359","","MSDIAL_SE 29:2/20:4;[M+NH4]+;CCCCC\C=C/C\C=C/C\C=C/C\C=C/CCCC(=O)OC1CCC2(C)C3CCC4(C)C(CCC4C3CC=C2C1)C(C)C=CC(CC)C(C)C;MBQZDKWZIKLRLZ-IQDWKTFINA-N;C49H78O2","716.63401","395.3672","716.6340","13.474725","13.774725","1359"
"","MSDIAL_SE 29:2/20:4;[M+NH4]+;CCCCC\C=C/C\C=C/C\C=C/C\C=C/CCCC(=O)OC1CCC2(C)C3CCC4(C)C(CCC4C3CC=C2C1)C(C)C=CC(CC)C(C)C;MBQZDKWZIKLRLZ-IQDWKTFINA-N;C49H78O2",0,0,0,"13.6743722222222","13.9743722222222","7328","","MSDIAL_SE 29:2/20:4;[M+NH4]+;CCCCC\C=C/C\C=C/C\C=C/C\C=C/CCCC(=O)OC1CCC2(C)C3CCC4(C)C(CCC4C3CC=C2C1)C(C)C=CC(CC)C(C)C;MBQZDKWZIKLRLZ-IQDWKTFINA-N;C49H78O2",0,0,0,"13.6743722222222","13.9743722222222","7328","","MSDIAL_SE 29:2/20:4;[M+NH4]+;CCCCC\C=C/C\C=C/C\C=C/C\C=C/CCCC(=O)OC1CCC2(C)C3CCC4(C)C(CCC4C3CC=C2C1)C(C)C=CC(CC)C(C)C;MBQZDKWZIKLRLZ-IQDWKTFINA-N;C49H78O2",0,0,0,"13.6743722222222","13.9743722222222","7328","","MSDIAL_SE 29:2/20:4;[M+NH4]+;CCCCC\C=C/C\C=C/C\C=C/C\C=C/CCCC(=O)OC1CCC2(C)C3CCC4(C)C(CCC4C3CC=C2C1)C(C)C=CC(CC)C(C)C;MBQZDKWZIKLRLZ-IQDWKTFINA-N;C49H78O2",0,0,0,"13.6743722222222","13.9743722222222","7328","","MSDIAL_SE 29:2/20:4;[M+NH4]+;CCCCC\C=C/C\C=C/C\C=C/C\C=C/CCCC(=O)OC1CCC2(C)C3CCC4(C)C(CCC4C3CC=C2C1)C(C)C=CC(CC)C(C)C;MBQZDKWZIKLRLZ-IQDWKTFINA-N;C49H78O2",0,0,0,"13.6743722222222","13.9743722222222","7328","","MSDIAL_SE 29:2/20:4;[M+NH4]+;CCCCC\C=C/C\C=C/C\C=C/C\C=C/CCCC(=O)OC1CCC2(C)C3CCC4(C)C(CCC4C3CC=C2C1)C(C)C=CC(CC)C(C)C;MBQZDKWZIKLRLZ-IQDWKTFINA-N;C49H78O2","716.63401","395.3672","716.6340","13.6743722222222","13.9743722222222","7328"
"","MSDIAL_SE 29:2/20:5;[M+NH4]+;CC\C=C/C\C=C/C\C=C/C\C=C/C\C=C/CCCC(=O)OC1CCC2(C)C3CCC4(C)C(CCC4C3CC=C2C1)C(C)C=CC(CC)C(C)C;HLODKVZVOACXGH-YTMREZFHNA-N;C49H76O2",0,0,0,"12.88635","13.18635","224","","MSDIAL_SE 29:2/20:5;[M+NH4]+;CC\C=C/C\C=C/C\C=C/C\C=C/C\C=C/CCCC(=O)OC1CCC2(C)C3CCC4(C)C(CCC4C3CC=C2C1)C(C)C=CC(CC)C(C)C;HLODKVZVOACXGH-YTMREZFHNA-N;C49H76O2",0,0,0,"12.88635","13.18635","224","","MSDIAL_SE 29:2/20:5;[M+NH4]+;CC\C=C/C\C=C/C\C=C/C\C=C/C\C=C/CCCC(=O)OC1CCC2(C)C3CCC4(C)C(CCC4C3CC=C2C1)C(C)C=CC(CC)C(C)C;HLODKVZVOACXGH-YTMREZFHNA-N;C49H76O2",0,0,0,"12.88635","13.18635","224","","MSDIAL_SE 29:2/20:5;[M+NH4]+;CC\C=C/C\C=C/C\C=C/C\C=C/C\C=C/CCCC(=O)OC1CCC2(C)C3CCC4(C)C(CCC4C3CC=C2C1)C(C)C=CC(CC)C(C)C;HLODKVZVOACXGH-YTMREZFHNA-N;C49H76O2",0,0,0,"12.88635","13.18635","224","","MSDIAL_SE 29:2/20:5;[M+NH4]+;CC\C=C/C\C=C/C\C=C/C\C=C/C\C=C/CCCC(=O)OC1CCC2(C)C3CCC4(C)C(CCC4C3CC=C2C1)C(C)C=CC(CC)C(C)C;HLODKVZVOACXGH-YTMREZFHNA-N;C49H76O2",0,0,0,"12.88635","13.18635","224","","MSDIAL_SE 29:2/20:5;[M+NH4]+;CC\C=C/C\C=C/C\C=C/C\C=C/C\C=C/CCCC(=O)OC1CCC2(C)C3CCC4(C)C(CCC4C3CC=C2C1)C(C)C=CC(CC)C(C)C;HLODKVZVOACXGH-YTMREZFHNA-N;C49H76O2","714.61836","395.3672","714.6183","12.88635","13.18635","224"
"","MSDIAL_SE 29:2/20:6;[M+NH4]+;CC\C=C/C=C/C=C/C=C\C=C\C=C\CCCCCC(=O)OC1CCC2(C)C3CCC4(C)C(CCC4C3CC=C2C1)C(C)C=CC(CC)C(C)C;YWPBZVXYMPHNRP-KKDRLJOINA-N;C49H74O2",0,0,0,"12.3543680555556","12.6543680555556","9826","","MSDIAL_SE 29:2/20:6;[M+NH4]+;CC\C=C/C=C/C=C/C=C\C=C\C=C\CCCCCC(=O)OC1CCC2(C)C3CCC4(C)C(CCC4C3CC=C2C1)C(C)C=CC(CC)C(C)C;YWPBZVXYMPHNRP-KKDRLJOINA-N;C49H74O2",0,0,0,"12.3543680555556","12.6543680555556","9826","","MSDIAL_SE 29:2/20:6;[M+NH4]+;CC\C=C/C=C/C=C/C=C\C=C\C=C\CCCCCC(=O)OC1CCC2(C)C3CCC4(C)C(CCC4C3CC=C2C1)C(C)C=CC(CC)C(C)C;YWPBZVXYMPHNRP-KKDRLJOINA-N;C49H74O2",0,0,0,"12.3543680555556","12.6543680555556","9826","","MSDIAL_SE 29:2/20:6;[M+NH4]+;CC\C=C/C=C/C=C/C=C\C=C\C=C\CCCCCC(=O)OC1CCC2(C)C3CCC4(C)C(CCC4C3CC=C2C1)C(C)C=CC(CC)C(C)C;YWPBZVXYMPHNRP-KKDRLJOINA-N;C49H74O2",0,0,0,"12.3543680555556","12.6543680555556","9826","","MSDIAL_SE 29:2/20:6;[M+NH4]+;CC\C=C/C=C/C=C/C=C\C=C\C=C\CCCCCC(=O)OC1CCC2(C)C3CCC4(C)C(CCC4C3CC=C2C1)C(C)C=CC(CC)C(C)C;YWPBZVXYMPHNRP-KKDRLJOINA-N;C49H74O2",0,0,0,"12.3543680555556","12.6543680555556","9826","","MSDIAL_SE 29:2/20:6;[M+NH4]+;CC\C=C/C=C/C=C/C=C\C=C\C=C\CCCCCC(=O)OC1CCC2(C)C3CCC4(C)C(CCC4C3CC=C2C1)C(C)C=CC(CC)C(C)C;YWPBZVXYMPHNRP-KKDRLJOINA-N;C49H74O2","712.60271","395.3672","712.6027","12.3543680555556","12.6543680555556","9826"
"","MSDIAL_SE 29:2/24:6;[M+NH4]+;CC\C=C/C\C=C/C\C=C/C\C=C/C\C=C/C\C=C/CCCCC(=O)OC1CCC2(C)C3CCC4(C)C(CCC4C3CC=C2C1)C(C)C=CC(CC)C(C)C;OJTDRXKUBOKWHU-OGCMRVSHNA-N;C53H82O2",0,0,0,"11.3802833333333","11.6802833333333","5582","","MSDIAL_SE 29:2/24:6;[M+NH4]+;CC\C=C/C\C=C/C\C=C/C\C=C/C\C=C/C\C=C/CCCCC(=O)OC1CCC2(C)C3CCC4(C)C(CCC4C3CC=C2C1)C(C)C=CC(CC)C(C)C;OJTDRXKUBOKWHU-OGCMRVSHNA-N;C53H82O2",0,0,0,"11.3802833333333","11.6802833333333","5582","","MSDIAL_SE 29:2/24:6;[M+NH4]+;CC\C=C/C\C=C/C\C=C/C\C=C/C\C=C/C\C=C/CCCCC(=O)OC1CCC2(C)C3CCC4(C)C(CCC4C3CC=C2C1)C(C)C=CC(CC)C(C)C;OJTDRXKUBOKWHU-OGCMRVSHNA-N;C53H82O2",0,0,0,"11.3802833333333","11.6802833333333","5582","","MSDIAL_SE 29:2/24:6;[M+NH4]+;CC\C=C/C\C=C/C\C=C/C\C=C/C\C=C/C\C=C/CCCCC(=O)OC1CCC2(C)C3CCC4(C)C(CCC4C3CC=C2C1)C(C)C=CC(CC)C(C)C;OJTDRXKUBOKWHU-OGCMRVSHNA-N;C53H82O2",0,0,0,"11.3802833333333","11.6802833333333","5582","","MSDIAL_SE 29:2/24:6;[M+NH4]+;CC\C=C/C\C=C/C\C=C/C\C=C/C\C=C/C\C=C/CCCCC(=O)OC1CCC2(C)C3CCC4(C)C(CCC4C3CC=C2C1)C(C)C=CC(CC)C(C)C;OJTDRXKUBOKWHU-OGCMRVSHNA-N;C53H82O2",0,0,0,"11.3802833333333","11.6802833333333","5582","","MSDIAL_SE 29:2/24:6;[M+NH4]+;CC\C=C/C\C=C/C\C=C/C\C=C/C\C=C/C\C=C/CCCCC(=O)OC1CCC2(C)C3CCC4(C)C(CCC4C3CC=C2C1)C(C)C=CC(CC)C(C)C;OJTDRXKUBOKWHU-OGCMRVSHNA-N;C53H82O2","768.66531","395.3672","768.6653","11.3802833333333","11.6802833333333","5582"
"","MSDIAL_SE 29:2/25:0;[M+NH4]+;CCCCCCCCCCCCCCCCCCCCCCCCC(=O)OC1CCC2(C)C3CCC4(C)C(CCC4C3CC=C2C1)C(C)C=CC(CC)C(C)C;CERXFSCJLTVFOD-UHFFFAOYNA-N;C54H96O2",0,0,0,"9.24154444444444","9.54154444444444","17387","","MSDIAL_SE 29:2/25:0;[M+NH4]+;CCCCCCCCCCCCCCCCCCCCCCCCC(=O)OC1CCC2(C)C3CCC4(C)C(CCC4C3CC=C2C1)C(C)C=CC(CC)C(C)C;CERXFSCJLTVFOD-UHFFFAOYNA-N;C54H96O2",0,0,0,"9.24154444444444","9.54154444444444","17387","","MSDIAL_SE 29:2/25:0;[M+NH4]+;CCCCCCCCCCCCCCCCCCCCCCCCC(=O)OC1CCC2(C)C3CCC4(C)C(CCC4C3CC=C2C1)C(C)C=CC(CC)C(C)C;CERXFSCJLTVFOD-UHFFFAOYNA-N;C54H96O2",0,0,0,"9.24154444444444","9.54154444444444","17387","","MSDIAL_SE 29:2/25:0;[M+NH4]+;CCCCCCCCCCCCCCCCCCCCCCCCC(=O)OC1CCC2(C)C3CCC4(C)C(CCC4C3CC=C2C1)C(C)C=CC(CC)C(C)C;CERXFSCJLTVFOD-UHFFFAOYNA-N;C54H96O2",0,0,0,"9.24154444444444","9.54154444444444","17387","","MSDIAL_SE 29:2/25:0;[M+NH4]+;CCCCCCCCCCCCCCCCCCCCCCCCC(=O)OC1CCC2(C)C3CCC4(C)C(CCC4C3CC=C2C1)C(C)C=CC(CC)C(C)C;CERXFSCJLTVFOD-UHFFFAOYNA-N;C54H96O2",0,0,0,"9.24154444444444","9.54154444444444","17387","","MSDIAL_SE 29:2/25:0;[M+NH4]+;CCCCCCCCCCCCCCCCCCCCCCCCC(=O)OC1CCC2(C)C3CCC4(C)C(CCC4C3CC=C2C1)C(C)C=CC(CC)C(C)C;CERXFSCJLTVFOD-UHFFFAOYNA-N;C54H96O2","794.77486","395.3672","794.7748","9.24154444444444","9.54154444444444","17387"
